epoch,accuracy,an_mean,an_std,ap_mean,ap_std,loss,val_accuracy,val_an_mean,val_an_std,val_ap_mean,val_ap_std,val_loss
0,0.7578125,38043.90625,15809.919921875,20270.828125,15809.919921875,112.0999755859375,0.859375,35676.1640625,15573.6669921875,26747.09375,15573.6669921875,3053.24951171875
0,0.714062511920929,37872.3828125,16218.806640625,15022.080078125,16218.806640625,0.0,0.796875,33202.46875,16312.822265625,26312.033203125,16312.822265625,3299.3232421875
1,0.729687511920929,37815.76953125,16209.6923828125,15401.7578125,16209.6923828125,0.0,0.8125,30728.203125,14270.8310546875,27267.103515625,14270.8310546875,4178.767578125
2,0.7421875,37760.4765625,16983.671875,15188.6220703125,16983.671875,0.0,0.84375,36438.23828125,17686.759765625,29092.48046875,17686.759765625,4478.4775390625
3,0.699999988079071,42111.765625,17736.76171875,15942.947265625,17736.76171875,14.965558052062988,0.75,33248.96484375,13349.43359375,27814.423828125,13349.43359375,4862.0625
4,0.6812499761581421,36558.48046875,15518.314453125,12741.728515625,15518.314453125,15.131555557250977,0.734375,34783.33203125,15490.4736328125,28518.125,15490.4736328125,2667.404296875
5,0.653124988079071,35042.5078125,15795.447265625,10174.6572265625,15795.447265625,3.8226990699768066,0.78125,38615.90625,17880.958984375,29816.576171875,17880.958984375,3343.578125
6,0.6421874761581421,35810.71875,16899.41796875,8158.5751953125,16899.41796875,0.0,0.75,33851.07421875,12983.609375,25554.705078125,12983.609375,2605.232666015625
7,0.6312500238418579,37953.48046875,16938.36328125,7702.08056640625,16938.36328125,0.0,0.828125,32462.9375,13422.0869140625,30766.26953125,13422.0869140625,4890.2099609375
8,0.620312511920929,36972.8671875,16681.943359375,7558.37646484375,16681.943359375,0.0,0.71875,34518.28125,16268.8369140625,28567.36328125,16268.8369140625,3811.49658203125
9,0.6390625238418579,38350.8515625,17995.2734375,7588.4794921875,17995.2734375,0.0,0.796875,34223.2421875,17320.8359375,31713.494140625,17320.8359375,6325.2412109375
0,0.8812500238418579,14711.513671875,10217.884765625,8967.666015625,10217.884765625,1191.27099609375,0.859375,16126.3115234375,12737.9853515625,13081.2470703125,12737.9853515625,1982.9964599609375
1,0.8453124761581421,14366.578125,10932.578125,5172.7431640625,10932.578125,72.24754333496094,0.84375,22589.58984375,20951.388671875,12660.255859375,20951.388671875,2851.875
2,0.846875011920929,15588.529296875,12687.2763671875,4440.6904296875,12687.2763671875,15.300840377807617,0.859375,17509.041015625,12773.4990234375,10002.65625,12773.4990234375,606.4810791015625
3,0.8296874761581421,15229.40625,10989.19140625,4393.42138671875,10989.19140625,18.810068130493164,0.875,17731.95703125,16304.5029296875,13844.146484375,16304.5029296875,3566.77392578125
4,0.854687511920929,17320.71875,14090.1845703125,4067.67333984375,14090.1845703125,0.9981414675712585,0.8125,17091.6640625,11137.66015625,10905.068359375,11137.66015625,1512.3375244140625
5,0.800000011920929,15000.9013671875,10783.748046875,3690.682861328125,10783.748046875,0.0,0.84375,21869.548828125,13337.072265625,12724.759765625,13337.072265625,924.83935546875
6,0.8046875,16788.05859375,11922.8173828125,3579.09423828125,11922.8173828125,0.0,0.765625,15243.4677734375,8991.9375,13669.423828125,8991.9375,3961.02294921875
7,0.807812511920929,15422.650390625,11457.505859375,3593.01318359375,11457.505859375,0.0,0.859375,20827.52734375,14930.6298828125,12207.42578125,14930.6298828125,1549.1165771484375
0,0.8535454273223877,6.954329967498779,9.391806602478027,1.341366171836853,9.391806602478027,0.17391996085643768,0.8671383857727051,5.958392143249512,5.353549957275391,6.083928108215332,5.353549957275391,2.227611780166626
1,0.8198494911193848,6.708969593048096,6.287624359130859,1.3329769372940063,6.287624359130859,0.09841444343328476,0.8638139963150024,7.563747882843018,5.862431049346924,7.719485282897949,5.862431049346924,2.4738664627075195
2,0.8020182251930237,7.888140678405762,6.748159885406494,1.5010982751846313,6.748159885406494,0.06702243536710739,0.8535040616989136,7.320479393005371,5.219240188598633,7.260484218597412,5.219240188598633,2.1980483531951904
3,0.7930554747581482,8.16911792755127,6.700291633605957,1.45968496799469,6.700291633605957,0.03987477719783783,0.8584456443786621,8.218228340148926,5.7611308097839355,8.219671249389648,5.7611308097839355,2.4660534858703613
4,0.7886460423469543,8.796609878540039,7.128204345703125,1.5591946840286255,7.128204345703125,0.031971730291843414,0.8555031418800354,8.82923412322998,6.248996734619141,8.887022972106934,6.248996734619141,2.6646816730499268
5,0.7846631407737732,9.07275390625,7.328898906707764,1.5457730293273926,7.328898906707764,0.02441026084125042,0.8554806709289551,9.177987098693848,6.519257545471191,9.295169830322266,6.519257545471191,2.797513246536255
6,0.796187698841095,7.5497260093688965,5.502138137817383,2.317288398742676,5.502138137817383,0.06754545867443085,0.8539533019065857,6.807093620300293,4.863241672515869,6.860898017883301,4.863241672515869,2.089395523071289
7,0.7849830389022827,6.898900985717773,4.818483829498291,2.0274746417999268,4.818483829498291,0.04194311425089836,0.853391706943512,6.519048690795898,4.652653694152832,6.603865146636963,4.652653694152832,2.0356411933898926
8,0.7783167958259583,6.634365558624268,4.591784954071045,1.8812220096588135,4.591784954071045,0.03187057003378868,0.8554581999778748,6.403115272521973,4.578120231628418,6.50285530090332,4.578120231628418,2.0169668197631836
9,0.7773793339729309,6.459261894226074,4.477287769317627,1.7766025066375732,4.477287769317627,0.02748679928481579,0.8531221747398376,6.276174068450928,4.489149570465088,6.387740135192871,4.489149570465088,1.992616057395935
10,0.7737287282943726,6.298421859741211,4.338265419006348,1.6865284442901611,4.338265419006348,0.023742569610476494,0.8565363883972168,6.263484001159668,4.5212788581848145,6.388932704925537,4.5212788581848145,2.001875638961792
11,0.8064252138137817,5.805181503295898,3.924912452697754,2.3391478061676025,3.924912452697754,0.1150829866528511,0.8618149161338806,6.331394195556641,4.707383632659912,6.246034145355225,4.707383632659912,1.885392427444458
12,0.8081637024879456,5.613513946533203,3.7750837802886963,2.4071552753448486,3.7750837802886963,0.14527831971645355,0.8624213933944702,6.474116802215576,4.810937404632568,6.39924430847168,4.810937404632568,1.9112213850021362
13,0.8088382482528687,5.562037467956543,3.7385122776031494,2.428105115890503,3.7385122776031494,0.15314224362373352,0.8622641563415527,6.550868034362793,4.849454402923584,6.489474773406982,4.849454402923584,1.9253307580947876
14,0.809302031993866,5.55157470703125,3.7211990356445312,2.4255752563476562,3.7211990356445312,0.1500706672668457,0.862848162651062,6.497893333435059,4.788966178894043,6.439404010772705,4.788966178894043,1.9135231971740723
15,0.8072560429573059,5.524066925048828,3.689300298690796,2.3797879219055176,3.689300298690796,0.1363062709569931,0.8610512018203735,6.456005573272705,4.741887092590332,6.404222011566162,4.741887092590332,1.9072201251983643
16,0.8131956458091736,5.765994548797607,3.742790699005127,2.842947244644165,3.742790699005127,0.2610601484775543,0.864420473575592,6.354214191436768,4.719197750091553,6.2772064208984375,4.719197750091553,1.877243161201477
17,0.810938835144043,5.700135231018066,3.668696880340576,2.783161163330078,3.668696880340576,0.240830197930336,0.8661051392555237,6.313008785247803,4.722843170166016,6.224932670593262,4.722843170166016,1.8653711080551147
18,0.8106734752655029,5.667706489562988,3.6290283203125,2.7503223419189453,3.6290283203125,0.22741135954856873,0.866307258605957,6.296541690826416,4.723333835601807,6.202856540679932,4.723333835601807,1.8606895208358765
19,0.8097682595252991,5.6488142013549805,3.5964548587799072,2.7282044887542725,3.5964548587799072,0.2172219604253769,0.8693620562553406,6.28770637512207,4.730907440185547,6.194100379943848,4.730907440185547,1.8585784435272217
20,0.8092028498649597,5.637565612792969,3.5724377632141113,2.7127017974853516,3.5724377632141113,0.20888008177280426,0.8686882257461548,6.282773017883301,4.716420650482178,6.18971061706543,4.716420650482178,1.8578598499298096
0,0.6900531649589539,126050.4609375,69546.1484375,34017.61328125,69546.1484375,163.92056274414062,0.8440251350402832,163188.53125,93218.703125,122091.7734375,93218.703125,14698.5302734375
0,0.8539075255393982,134.91851806640625,108.12579345703125,75.04369354248047,108.12579345703125,10.783132553100586,0.8634995222091675,76.53202056884766,63.163856506347656,69.11524963378906,63.163856506347656,18.161128997802734
0,0.6645635962486267,129059.546875,60591.56640625,36295.08984375,60591.56640625,167.77268981933594,0.7933737635612488,147705.15625,63041.76953125,109927.578125,63041.76953125,11908.7001953125
0,0.9298405051231384,8.227598190307617,23.1143741607666,2.118356943130493,23.1143741607666,1.223211646080017,0.9219900965690613,0.6762856245040894,2.3554341793060303,0.9287237524986267,2.3554341793060303,0.8927591443061829
1,0.9366456270217896,0.3027309775352478,0.8471917510032654,0.07728486508131027,0.8471917510032654,0.4595913887023926,0.9276729822158813,2.1570019721984863,8.10092544555664,2.984205484390259,8.10092544555664,1.8871489763259888
2,0.9397952556610107,1.0410716533660889,3.3002641201019287,0.351479709148407,3.3002641201019287,0.5223904252052307,0.9349730610847473,2.774134397506714,11.219751358032227,4.3848958015441895,11.219751358032227,2.6115877628326416
3,0.9345202445983887,0.8250731229782104,2.105086088180542,0.16268020868301392,2.105086088180542,0.4456607401371002,0.9221024513244629,0.9160352945327759,2.71273136138916,1.027517557144165,2.71273136138916,0.9261783957481384
4,0.9356213808059692,7.73354434967041,34.00859832763672,1.2466795444488525,34.00859832763672,0.829872190952301,0.9300763607025146,2.7435903549194336,10.820943832397461,4.405714511871338,10.820943832397461,2.636378288269043
5,0.9242530465126038,0.19395388662815094,0.5149587392807007,0.08409738540649414,0.5149587392807007,0.4753819704055786,0.9313342571258545,2.818094253540039,11.086201667785645,4.159491062164307,11.086201667785645,2.4545862674713135
6,0.9381460547447205,2.0228867530822754,6.13456392288208,0.19934004545211792,6.13456392288208,0.399497389793396,0.9013028144836426,4.241617202758789,8.498981475830078,4.096595287322998,8.498981475830078,2.193707227706909
7,0.9292204976081848,2.337775230407715,6.437215328216553,0.3981941044330597,6.437215328216553,0.3972044289112091,0.9043576121330261,2.3637287616729736,5.372861862182617,2.542691707611084,5.372861862182617,1.5130317211151123
8,0.9149529933929443,0.9235552549362183,1.970977544784546,0.3653833270072937,1.970977544784546,0.45269569754600525,0.8961365818977356,1.5551849603652954,2.8225245475769043,1.4687250852584839,2.8225245475769043,1.0345900058746338
9,0.9150943160057068,0.9012179374694824,1.831579327583313,0.27544838190078735,1.831579327583313,0.3952418863773346,0.8935310244560242,2.782158851623535,4.473649024963379,2.443814754486084,4.473649024963379,1.4649239778518677
10,0.9145462512969971,0.9059115648269653,1.846737027168274,0.26363617181777954,1.846737027168274,0.3863322138786316,0.8958221077919006,2.6704039573669434,4.404834747314453,2.3789172172546387,4.404834747314453,1.451048731803894
0,0.6525281071662903,201671.90625,98331.0390625,48414.1328125,98331.0390625,265.0117492675781,0.8158355951309204,223269.84375,104909.5390625,171953.421875,104909.5390625,20088.8515625
1,0.6123569011688232,241061.25,102407.59375,63027.98046875,102407.59375,88.82962036132812,0.8013477325439453,212605.625,92132.6484375,165000.875,92132.6484375,17106.263671875
2,0.5898532867431641,236899.484375,92078.8984375,66112.8046875,92078.8984375,16.72437858581543,0.7874438166618347,229414.796875,93439.59375,179816.25,93439.59375,18066.107421875
3,0.5995005369186401,264245.25,104914.703125,77118.9140625,104914.703125,9.861430168151855,0.7756738662719727,256473.953125,102680.9453125,200137.796875,102680.9453125,19238.599609375
0,0.9593427181243896,4.992205619812012,15.616327285766602,2.234055995941162,15.616327285766602,1.0749304294586182,0.9182165265083313,0.48284175992012024,1.0453307628631592,0.4586961269378662,1.0453307628631592,0.606508195400238
1,0.9591914415359497,0.6631801724433899,3.195199728012085,0.28825315833091736,3.195199728012085,0.5306153893470764,0.9185983538627625,0.23091396689414978,0.541713535785675,0.2121318131685257,0.541713535785675,0.5342960953712463
2,0.9374119639396667,0.3409343659877777,1.001427412033081,0.1563529521226883,1.001427412033081,0.4642200171947479,0.9115902781486511,0.2079189568758011,0.482548326253891,0.20404201745986938,0.482548326253891,0.5418429970741272
0,0.6963102221488953,701385.5,390125.3125,146350.25,390125.3125,1524.8214111328125,0.8163297176361084,985602.0,537596.125,711981.75,537596.125,100695.484375
1,0.6409018039703369,1287726.125,617224.625,288569.3125,617224.625,1755.175537109375,0.8088948726654053,1015649.375,458555.71875,774839.625,458555.71875,95254.5078125
2,0.6081607341766357,1139466.875,491431.375,263166.21875,491431.375,218.5792694091797,0.8052560687065125,973318.1875,420782.0625,767957.125,420782.0625,94687.9921875
3,0.6053608059883118,1223786.125,518586.53125,286347.8125,518586.53125,75.35111236572266,0.8122416734695435,1068012.875,466582.53125,841981.3125,466582.53125,100648.921875
4,0.609006404876709,1326346.125,576477.8125,308732.75,576477.8125,48.33183670043945,0.8114330768585205,1293020.5,572429.1875,1023689.3125,572429.1875,126716.8359375
0,0.7056872844696045,3906691.75,2555197.5,507858.46875,2555197.5,3260.638671875,0.8184987306594849,527650.9375,294892.5625,346465.34375,294892.5625,43952.5234375
1,0.6445019245147705,836653.125,422590.625,145270.25,422590.625,423.2862854003906,0.807487428188324,852667.625,444694.375,545422.875,444694.375,56073.3828125
2,0.6029243469238281,966034.75,426103.03125,186874.625,426103.03125,156.39706420898438,0.8092839121818542,1002639.75,517362.5625,662015.75,517362.5625,66918.96875
3,0.5860162973403931,1059075.875,434688.96875,223605.46875,434688.96875,58.792667388916016,0.7997676134109497,1195503.25,575152.625,782700.25,575152.625,71561.21875
4,0.5706747174263,1145831.25,437660.53125,258464.28125,437660.53125,37.510719299316406,0.803486168384552,1196796.75,560248.875,822804.9375,560248.875,77646.9609375
0,0.8284006118774414,7507.6298828125,5539.02392578125,1825.54443359375,5539.02392578125,60.46352005004883,0.8783243298530579,107.15336608886719,93.6208267211914,108.24758911132812,93.6208267211914,34.890350341796875
1,0.8814653754234314,30.143394470214844,30.72078514099121,11.141603469848633,30.72078514099121,1.555400013923645,0.8728885650634766,5.393795490264893,8.394033432006836,5.996216297149658,8.394033432006836,2.582629680633545
2,0.8925758600234985,6.233926296234131,8.213417053222656,1.8178794384002686,8.213417053222656,0.39203140139579773,0.9251347780227661,3.5543875694274902,8.297650337219238,3.481844425201416,8.297650337219238,1.8498287200927734
3,0.9166468381881714,1.695884346961975,2.7886106967926025,0.46221867203712463,2.7886106967926025,0.3799399435520172,0.9169137477874756,0.13382941484451294,0.32573848962783813,0.10996250808238983,0.32573848962783813,0.5048516392707825
4,0.9501368999481201,0.45119327306747437,1.5373281240463257,0.09748360514640808,1.5373281240463257,0.4566253423690796,0.9308400750160217,0.04717346280813217,0.1526045948266983,0.04446227103471756,0.1526045948266983,0.5041103959083557
0,0.7955530285835266,603.9059448242188,710.3428955078125,60.868324279785156,710.3428955078125,2.0981290340423584,0.8372864127159119,4.807549953460693,3.2620720863342285,3.218489170074463,3.2620720863342285,0.6852647662162781
1,0.6612026691436768,5.295252799987793,2.8570423126220703,0.9103402495384216,2.8570423126220703,0.020894790068268776,0.7987939715385437,3.3816044330596924,1.7446836233139038,2.1818108558654785,1.7446836233139038,0.40187519788742065
2,0.6316423416137695,5.562036514282227,2.7079176902770996,1.0432863235473633,2.7079176902770996,0.012928975746035576,0.8008291721343994,4.768800258636475,2.515244722366333,3.0662033557891846,2.515244722366333,0.48922935128211975
3,0.6129966378211975,7.298918724060059,3.370765447616577,1.4419440031051636,3.370765447616577,0.005154763348400593,0.7922738790512085,7.776977062225342,3.9065680503845215,5.042080402374268,3.9065680503845215,0.647826611995697
4,0.5850104093551636,8.647103309631348,3.5568606853485107,1.841021180152893,3.5568606853485107,0.002647156361490488,0.7971545457839966,7.022397994995117,3.44919490814209,4.694482803344727,3.44919490814209,0.5850562453269958
0,0.7232133746147156,5692220.5,3398953.75,1166855.0,3398953.75,17698.701171875,0.8323225378990173,6161445.0,3579021.5,4359696.0,3579021.5,581761.6875
1,0.6577832698822021,8672967.0,4281591.5,1959121.875,4281591.5,11939.1005859375,0.8240341544151306,6282009.0,3380180.5,4550745.5,3380180.5,591784.375
2,0.6222893595695496,7369493.0,3230869.25,1722979.25,3230869.25,901.3909301757812,0.8202381134033203,6305839.0,3299377.25,4476701.0,3299377.25,525723.875
3,0.6363261938095093,8349798.0,4005948.5,1841054.5,4005948.5,587.9676513671875,0.8126684427261353,7032012.5,3538100.5,5249780.0,3538100.5,670385.4375
4,0.6410927772521973,9605738.0,4571942.0,2136331.5,4571942.0,394.666259765625,0.7967879772186279,8767757.0,4175854.25,6246566.5,4175854.25,650211.1875
0,0.7266437411308289,15400301.0,9760854.0,2267109.0,9760854.0,11166.59375,0.8258605599403381,25135266.0,15213933.0,15339727.0,15213933.0,1820053.75
1,0.690778374671936,26623854.0,15600399.0,4470625.5,15600399.0,12530.32421875,0.8120540380477905,25582924.0,14308686.0,15755850.0,14308686.0,1681852.0
2,0.6521132588386536,25761882.0,13236824.0,4789438.0,13236824.0,2236.484375,0.8091205954551697,29201860.0,15632853.0,18359354.0,15632853.0,1826870.5
3,0.6485461592674255,27881814.0,13779921.0,5886743.0,13779921.0,1038.2740478515625,0.8173743486404419,28050294.0,15668417.0,17042968.0,15668417.0,1499827.875
4,0.6382908821105957,29938206.0,14341413.0,6394104.0,14341413.0,570.4879760742188,0.8087562918663025,33955084.0,18922456.0,20360048.0,18922456.0,1807607.0
0,0.7326622605323792,9337952.0,5886756.5,1866881.125,5886756.5,27942.00390625,0.8490116596221924,9909386.0,5882702.0,7091662.0,5882702.0,1038973.375
1,0.6765222549438477,14358747.0,7553139.5,3240967.5,7553139.5,22842.794921875,0.8377358317375183,10069157.0,5487735.0,7353417.5,5487735.0,975373.875
2,0.6356516480445862,11840154.0,5476879.0,2701190.5,5476879.0,1405.18017578125,0.8143980503082275,9405864.0,4663408.5,6781915.0,4663408.5,800944.5625
3,0.6322788596153259,12927952.0,5980550.5,2889470.0,5980550.5,766.6963500976562,0.8286387920379639,11720733.0,6173650.5,8601354.0,6173650.5,1103113.75
4,0.6381440758705139,15403582.0,7305946.0,3369980.5,7305946.0,825.8883056640625,0.806491494178772,13946690.0,6792995.5,10199507.0,6792995.5,1204212.0
0,0.7272523641586304,21171828.0,13444137.0,3008541.75,13444137.0,13193.8408203125,0.8307600617408752,36923024.0,22827454.0,22402500.0,22827454.0,2752974.5
1,0.6874603629112244,40589200.0,23455170.0,6705663.5,23455170.0,17962.3828125,0.8180025219917297,41862196.0,24086126.0,24646978.0,24086126.0,2373906.0
2,0.6566562056541443,40097028.0,20987464.0,7316335.0,20987464.0,3316.51708984375,0.806023895740509,42481408.0,23572708.0,25830192.0,23572708.0,2676445.25
3,0.6497836709022522,42578516.0,21552144.0,8459632.0,21552144.0,1512.38818359375,0.7961055040359497,45999188.0,24479710.0,27786770.0,24479710.0,2537961.25
4,0.647880494594574,46762644.0,23086754.0,10071292.0,23086754.0,1028.1282958984375,0.8012813925743103,48962028.0,25706856.0,30463296.0,25706856.0,2749549.25
0,0.9738929271697998,14671.0087890625,98907.1171875,13.270957946777344,98907.1171875,10.714667320251465,0.9686657786369324,1.228703260421753,6.754608631134033,0.8193249106407166,6.754608631134033,0.8829881548881531
1,0.9948887228965759,3550.463134765625,25479.955078125,0.5388871431350708,25479.955078125,0.7017386555671692,1.0,0.0,0.0,0.0,0.0,0.5
2,1.0,0.0,0.0,0.0,0.0,0.5,1.0,0.0,0.0,0.0,0.0,0.5
3,1.0,0.0,0.0,0.0,0.0,0.5,1.0,0.0,0.0,0.0,0.0,0.5
4,1.0,0.0,0.0,0.0,0.0,0.5,1.0,0.0,0.0,0.0,0.0,0.5
0,0.9186977744102478,4.19964599609375,10.202332496643066,0.3980294167995453,10.202332496643066,0.465149462223053,0.9196316003799438,0.05744074285030365,0.1661541908979416,0.07120358943939209,0.1661541908979416,0.5195256471633911
1,0.9202949404716492,0.5112430453300476,1.5306087732315063,0.04038463160395622,1.5306087732315063,0.467318058013916,0.9154537320137024,33.70825958251953,96.41680145263672,26.791545867919922,96.41680145263672,14.187934875488281
2,0.9180455803871155,1.8310679197311401,6.029414176940918,0.11637420952320099,6.029414176940918,0.4543815553188324,0.9019766449928284,0.4960698187351227,1.267338514328003,0.5588333010673523,1.267338514328003,0.7228146195411682
3,0.9194765090942383,7.201939105987549,25.343862533569336,0.17439574003219604,25.343862533569336,0.5735119581222534,0.9245058298110962,0.434347003698349,1.2916048765182495,0.3728945553302765,1.2916048765182495,0.6580517888069153
4,0.9214605093002319,8.451507568359375,28.774478912353516,0.09602789580821991,28.774478912353516,0.4721080958843231,0.907614529132843,0.4825069308280945,1.2845790386199951,0.47288334369659424,1.2845790386199951,0.6855303049087524
0,0.6978930234909058,6648272.5,4017401.25,775968.0,4017401.25,1509.7156982421875,0.8120602965354919,10786488.0,6481520.5,6190357.5,6481520.5,715896.4375
1,0.666744589805603,12815549.0,7112381.5,1803257.5,7112381.5,1966.5037841796875,0.8063127994537354,14043640.0,7966773.5,8162733.5,7966773.5,801579.1875
2,0.6390525698661804,15687890.0,7849032.0,2590644.0,7849032.0,1033.7197265625,0.7943718433380127,17615906.0,9312466.0,10512562.0,9312466.0,987127.0625
3,0.6234070658683777,18101860.0,8437432.0,3333583.75,8437432.0,762.1664428710938,0.7961055040359497,20197132.0,10660464.0,12047455.0,10660464.0,1018891.9375
4,0.6141138076782227,20205088.0,8927972.0,4139483.5,8927972.0,549.2704467773438,0.7850439548492432,22803798.0,11350081.0,14238751.0,11350081.0,1311435.375
0,0.6923918128013611,3705463.75,2190954.25,537729.3125,2190954.25,2887.246826171875,0.7995957136154175,4425925.0,2324684.5,3027659.75,2324684.5,422958.6875
1,0.6483319401741028,6770620.5,3536897.75,1089091.625,3536897.75,2520.6005859375,0.8206648826599121,6201924.5,3481028.0,4489000.5,3481028.0,639404.9375
2,0.6181055903434753,7925552.5,3672635.25,1469649.625,3672635.25,1093.86865234375,0.8070755004882812,7221585.5,3673493.25,5339448.0,3673493.25,740073.75
3,0.6068711280822754,9364398.0,4150192.5,1858568.75,4150192.5,835.6788330078125,0.8011230826377869,8580519.0,4094911.75,6489211.0,4094911.75,866784.5625
4,0.6069281697273254,11042607.0,4744921.5,2414723.75,4744921.5,716.4765625,0.7878257036209106,10213040.0,4890757.0,7510705.5,4890757.0,931463.3125
0,0.7012034058570862,10168443.0,6292000.0,1189651.625,6292000.0,2118.392822265625,0.8107349276542664,16611463.0,9823639.0,9761549.0,9823639.0,1128023.5
1,0.6660608053207397,20304250.0,11263163.0,2895768.75,11263163.0,3103.688720703125,0.7991708517074585,22765746.0,12339878.0,13454511.0,12339878.0,1386476.5
2,0.6376356482505798,24853592.0,12417335.0,4037135.0,12417335.0,1598.159423828125,0.79426509141922,27390834.0,14543787.0,16426192.0,14543787.0,1662118.125
3,0.6258917450904846,28860940.0,13598535.0,5313193.0,13598535.0,1145.9129638671875,0.7749372124671936,33405312.0,16816924.0,19757746.0,16816924.0,1752382.375
4,0.6112778186798096,31815668.0,14004994.0,6422342.5,14004994.0,828.4425048828125,0.7826256155967712,35702764.0,17767502.0,22198470.0,17767502.0,2061481.625
0,0.7129411697387695,8640590.0,5613852.5,1205610.0,5613852.5,5994.94677734375,0.8083333373069763,9592997.0,5223750.5,6663905.0,5223750.5,961268.1875
1,0.6616421937942505,16365723.0,8757970.0,2784892.0,8757970.0,5263.271484375,0.8041778802871704,14982766.0,7625896.5,10766532.0,7625896.5,1366755.5
2,0.6385582089424133,20629338.0,10345101.0,3758733.5,10345101.0,2703.992919921875,0.7963162660598755,18424118.0,8911862.0,13222185.0,8911862.0,1559288.0
3,0.630183219909668,25518110.0,12287697.0,4893550.5,12287697.0,2147.39013671875,0.79155433177948,22726492.0,11018612.0,16374844.0,11018612.0,2029120.0
4,0.6177533864974976,28077092.0,12601618.0,6090469.0,12601618.0,1522.9344482421875,0.7963162660598755,26645916.0,13212495.0,19229400.0,13212495.0,2362798.5
0,0.7049888968467712,26755548.0,16568694.0,3123285.25,16568694.0,5559.7724609375,0.8103768825531006,42398292.0,24960600.0,24724704.0,24960600.0,2751438.25
1,0.6582005023956299,50609904.0,27225366.0,7327984.5,27225366.0,6294.2978515625,0.7957977652549744,60315480.0,33217306.0,35707120.0,33217306.0,3696334.5
2,0.6329118013381958,63564028.0,31094902.0,10610025.0,31094902.0,4728.45068359375,0.8009799122810364,72133904.0,39295212.0,44328048.0,39295212.0,4538802.0
3,0.6235955953598022,72546432.0,33840908.0,13595714.0,33840908.0,3119.684814453125,0.779685914516449,78058352.0,38867088.0,48835584.0,38867088.0,4467306.5
4,0.6144205331802368,80841760.0,35817228.0,16276594.0,35817228.0,2256.724365234375,0.7798053026199341,89043624.0,44906184.0,55267648.0,44906184.0,5154071.5
0,0.7089831233024597,14055633.0,8657356.0,2065989.875,8657356.0,11669.6328125,0.8160153031349182,16584611.0,9473929.0,11394584.0,9473929.0,1581214.0
1,0.648086428642273,26089886.0,13515145.0,4305520.5,13515145.0,10801.2705078125,0.8119721412658691,22134656.0,11293981.0,16157380.0,11293981.0,2103674.5
2,0.6211683750152588,31030510.0,14580563.0,5654137.0,14580563.0,4124.11181640625,0.8032345175743103,29341604.0,14561574.0,21213952.0,14561574.0,2572016.0
3,0.6219967007637024,38785976.0,17956494.0,7851528.5,17956494.0,3198.435302734375,0.800247073173523,35357884.0,17254084.0,25295820.0,17254084.0,3027875.75
4,0.6182171702384949,46031216.0,20521768.0,9950405.0,20521768.0,2368.536865234375,0.8064016103744507,40173384.0,19597500.0,29624350.0,19597500.0,3548618.25
0,0.7023887038230896,39538736.0,24390222.0,4624666.5,24390222.0,8216.09765625,0.8032914400100708,61354736.0,35002632.0,37528584.0,35002632.0,4449179.5
1,0.6703616976737976,80066024.0,45179784.0,10989940.0,45179784.0,11532.392578125,0.8024685978889465,94425816.0,53075528.0,56156344.0,53075528.0,6023058.5
2,0.6414225101470947,99834856.0,50411076.0,16204355.0,50411076.0,7458.71728515625,0.7906972169876099,112520384.0,60178456.0,67272472.0,60178456.0,6286850.0
3,0.6204180717468262,115028448.0,53219748.0,21418746.0,53219748.0,4617.7275390625,0.7847424745559692,127139408.0,64438644.0,79263368.0,64438644.0,7253362.5
4,0.6196807026863098,127754272.0,57490092.0,26614562.0,57490092.0,3251.08349609375,0.7872487306594849,140869648.0,71630176.0,88735440.0,71630176.0,8291964.5
0,0.7914881110191345,6.66890287399292,7.461507797241211,3.094233989715576,7.461507797241211,1.1207102537155151,0.9254267811775208,0.0007604335551150143,0.002487283432856202,0.0005197208374738693,0.002487283432856202,0.49975937604904175
1,0.9487580060958862,455.2138366699219,1534.150146484375,1.606176733970642,1534.150146484375,1.449609398841858,1.0,0.0,0.0,0.0,0.0,0.5
2,1.0,0.0,0.0,0.0,0.0,0.5,1.0,0.0,0.0,0.0,0.0,0.5
3,1.0,0.0,0.0,0.0,0.0,0.5,1.0,0.0,0.0,0.0,0.0,0.5
4,1.0,0.0,0.0,0.0,0.0,0.5,1.0,0.0,0.0,0.0,0.0,0.5
0,0.9823309779167175,1365.5260009765625,1625.835205078125,178.09591674804688,1625.835205078125,37.69193649291992,1.0,0.0,0.0,0.0,0.0,0.5
1,1.0,0.0,0.0,0.0,0.0,0.5,1.0,0.0,0.0,0.0,0.0,0.5
2,1.0,0.0,0.0,0.0,0.0,0.5,1.0,0.0,0.0,0.0,0.0,0.5
3,1.0,0.0,0.0,0.0,0.0,0.5,1.0,0.0,0.0,0.0,0.0,0.5
4,1.0,0.0,0.0,0.0,0.0,0.5,1.0,0.0,0.0,0.0,0.0,0.5
0,0.9336324334144592,3909.04052734375,4839.02978515625,533.4961547851562,4839.02978515625,113.8868637084961,1.0,0.0,0.0,0.0,0.0,0.5
1,1.0,0.0,0.0,0.0,0.0,0.5,1.0,0.0,0.0,0.0,0.0,0.5
2,1.0,0.0,0.0,0.0,0.0,0.5,1.0,0.0,0.0,0.0,0.0,0.5
3,1.0,0.0,0.0,0.0,0.0,0.5,1.0,0.0,0.0,0.0,0.0,0.5
4,1.0,0.0,0.0,0.0,0.0,0.5,1.0,0.0,0.0,0.0,0.0,0.5
0,0.9759787321090698,292.6736145019531,959.403564453125,1.3111203908920288,959.403564453125,1.018604040145874,1.0,0.0,0.0,0.0,0.0,0.5
1,1.0,0.0,0.0,0.0,0.0,0.5,1.0,0.0,0.0,0.0,0.0,0.5
2,1.0,0.0,0.0,0.0,0.0,0.5,1.0,0.0,0.0,0.0,0.0,0.5
3,1.0,0.0,0.0,0.0,0.0,0.5,1.0,0.0,0.0,0.0,0.0,0.5
4,1.0,0.0,0.0,0.0,0.0,0.5,1.0,0.0,0.0,0.0,0.0,0.5
0,0.9718791246414185,5330.5263671875,8926.380859375,509.2858581542969,8926.380859375,69.82583618164062,1.0,0.0,0.0,0.0,0.0,0.5
1,1.0,0.0,0.0,0.0,0.0,0.5,1.0,0.0,0.0,0.0,0.0,0.5
2,1.0,0.0,0.0,0.0,0.0,0.5,1.0,0.0,0.0,0.0,0.0,0.5
3,1.0,0.0,0.0,0.0,0.0,0.5,1.0,0.0,0.0,0.0,0.0,0.5
4,1.0,0.0,0.0,0.0,0.0,0.5,1.0,0.0,0.0,0.0,0.0,0.5
0,0.9931135177612305,222082.109375,256260.046875,11756.2001953125,256260.046875,1062.237548828125,1.0,0.0,0.0,0.0,0.0,0.5
1,1.0,0.0,0.0,0.0,0.0,0.5,1.0,0.0,0.0,0.0,0.0,0.5
2,1.0,0.0,0.0,0.0,0.0,0.5,1.0,0.0,0.0,0.0,0.0,0.5
3,1.0,0.0,0.0,0.0,0.0,0.5,1.0,0.0,0.0,0.0,0.0,0.5
4,1.0,0.0,0.0,0.0,0.0,0.5,1.0,0.0,0.0,0.0,0.0,0.5
0,0.9989782571792603,26290.873046875,33591.46875,4673.2255859375,33591.46875,1754.2044677734375,1.0,0.0,0.0,0.0,0.0,0.5
1,1.0,0.0,0.0,0.0,0.0,0.5,1.0,0.0,0.0,0.0,0.0,0.5
2,1.0,0.0,0.0,0.0,0.0,0.5,1.0,0.0,0.0,0.0,0.0,0.5
3,1.0,0.0,0.0,0.0,0.0,0.5,1.0,0.0,0.0,0.0,0.0,0.5
4,1.0,0.0,0.0,0.0,0.0,0.5,1.0,0.0,0.0,0.0,0.0,0.5
0,0.9814106822013855,10343.349609375,12535.814453125,881.8522338867188,12535.814453125,219.91122436523438,1.0,0.0,0.0,0.0,0.0,0.5
1,1.0,0.0,0.0,0.0,0.0,0.5,1.0,0.0,0.0,0.0,0.0,0.5
2,1.0,0.0,0.0,0.0,0.0,0.5,1.0,0.0,0.0,0.0,0.0,0.5
3,1.0,0.0,0.0,0.0,0.0,0.5,1.0,0.0,0.0,0.0,0.0,0.5
4,1.0,0.0,0.0,0.0,0.0,0.5,1.0,0.0,0.0,0.0,0.0,0.5
0,0.6601988077163696,9558843.0,5076361.0,1421548.625,5076361.0,6258.6953125,0.8176774382591248,13865123.0,8104755.5,10010093.0,8104755.5,1831321.75
1,0.6240774393081665,17445486.0,8250130.5,3005229.0,8250130.5,6475.056640625,0.7871294021606445,16433932.0,7715242.5,12024197.0,7715242.5,1635076.875
2,0.5887397527694702,20994404.0,8832320.0,3832113.5,8832320.0,3315.019775390625,0.7949236035346985,20215202.0,9217499.0,15698278.0,9217499.0,2306200.5
3,0.5782046914100647,24458164.0,9674794.0,4946519.0,9674794.0,1747.241455078125,0.7990117073059082,23153776.0,10363637.0,17587434.0,10363637.0,2279434.5
4,0.564420759677887,27384476.0,10186235.0,5774242.0,10186235.0,1415.962646484375,0.7895552515983582,26375372.0,11131482.0,20702088.0,11131482.0,2583838.0
0,0.8968809247016907,294.1792907714844,381.5191955566406,32.500885009765625,381.5191955566406,2.2625346183776855,0.8725062608718872,3.250066041946411,8.40322208404541,2.4696097373962402,8.40322208404541,1.4905377626419067
1,0.9192849397659302,19.312332153320312,55.28720474243164,0.816534698009491,55.28720474243164,0.3846317529678345,0.9020916819572449,0.6577268838882446,1.9759119749069214,1.1323684453964233,1.9759119749069214,1.0174106359481812
2,0.930205225944519,27.17841911315918,92.83070373535156,0.26107269525527954,92.83070373535156,0.47976478934288025,0.8913379311561584,0.3863316774368286,0.9311371445655823,0.5005097389221191,0.9311371445655823,0.6977647542953491
3,0.9274541139602661,30.19392967224121,97.56065368652344,0.9107754826545715,97.56065368652344,0.7413123250007629,0.9125188589096069,0.18819832801818848,0.5320161581039429,0.1504916548728943,0.5320161581039429,0.5406394600868225
4,0.9347224831581116,22.832937240600586,77.01976013183594,0.9159588813781738,77.01976013183594,0.5802890658378601,0.9205653071403503,1.8206169605255127,5.711216926574707,1.6208603382110596,5.711216926574707,1.275502324104309
0,0.7363649010658264,2012875.25,2102488.0,308429.25,2102488.0,1589.7828369140625,0.8019766211509705,2111906.75,1140094.75,1383338.875,1140094.75,191813.6875
1,0.6426130533218384,2505555.25,1354220.25,420040.875,1354220.25,923.950927734375,0.7905884981155396,2454176.75,1185883.25,1642525.75,1185883.25,203021.0
0,0.994672954082489,716.2596435546875,919.2734985351562,118.33808898925781,919.2734985351562,26.750335693359375,1.0,0.0,0.0,0.0,0.0,0.5
0,0.9404648542404175,264595.625,1019069.125,12.98127269744873,1019069.125,8.431878089904785,1.0,0.0,0.0,0.0,0.0,0.5
1,1.0,0.0,0.0,0.0,0.0,0.5,1.0,0.0,0.0,0.0,0.0,0.5
2,1.0,0.0,0.0,0.0,0.0,0.5,1.0,0.0,0.0,0.0,0.0,0.5
3,1.0,0.0,0.0,0.0,0.0,0.5,1.0,0.0,0.0,0.0,0.0,0.5
4,1.0,0.0,0.0,0.0,0.0,0.5,1.0,0.0,0.0,0.0,0.0,0.5
0,0.998779833316803,67.62190246582031,71.11454772949219,22.693862915039062,71.11454772949219,6.415924072265625,1.0,0.0,0.0,0.0,0.0,0.5
1,1.0,0.0,0.0,0.0,0.0,0.5,1.0,0.0,0.0,0.0,0.0,0.5
2,1.0,0.0,0.0,0.0,0.0,0.5,1.0,0.0,0.0,0.0,0.0,0.5
3,1.0,0.0,0.0,0.0,0.0,0.5,1.0,0.0,0.0,0.0,0.0,0.5
4,1.0,0.0,0.0,0.0,0.0,0.5,1.0,0.0,0.0,0.0,0.0,0.5
0,0.9770861268043518,2717689.5,4272590.5,288880.625,4272590.5,14113.3955078125,1.0,0.0,0.0,0.0,0.0,0.5
1,1.0,0.0,0.0,0.0,0.0,0.5,1.0,0.0,0.0,0.0,0.0,0.5
2,1.0,0.0,0.0,0.0,0.0,0.5,1.0,0.0,0.0,0.0,0.0,0.5
3,1.0,0.0,0.0,0.0,0.0,0.5,1.0,0.0,0.0,0.0,0.0,0.5
4,1.0,0.0,0.0,0.0,0.0,0.5,1.0,0.0,0.0,0.0,0.0,0.5
0,0.9964709281921387,2685.4443359375,3323.96826171875,337.7038879394531,3323.96826171875,64.80841064453125,0.9929245114326477,5.153684696779237e-07,1.8491650735086296e-06,1.030736257234821e-06,1.8491650735086296e-06,0.5000000596046448
1,1.0,0.0,0.0,0.0,0.0,0.5,0.9929245114326477,5.153684128345049e-07,1.7097988802561304e-06,1.0307364846084965e-06,1.7097988802561304e-06,0.5000000596046448
2,1.0,0.0,0.0,0.0,0.0,0.5,0.9929245114326477,5.153684128345049e-07,1.7941290479939198e-06,1.0307360298611457e-06,1.7941290479939198e-06,0.5000000596046448
3,1.0,0.0,0.0,0.0,0.0,0.5,0.9929245114326477,5.153684696779237e-07,1.8009765199167305e-06,1.0307364846084965e-06,1.8009765199167305e-06,0.5000000596046448
4,1.0,0.0,0.0,0.0,0.0,0.5,0.9929245114326477,5.153684696779237e-07,1.8227881355414866e-06,1.0307363709216588e-06,1.8227881355414866e-06,0.5000000596046448
0,0.9957901835441589,136695.515625,148345.515625,6241.16162109375,148345.515625,532.9317016601562,1.0,0.0,0.0,0.0,0.0,0.5
1,1.0,0.0,0.0,0.0,0.0,0.5,1.0,0.0,0.0,0.0,0.0,0.5
2,1.0,0.0,0.0,0.0,0.0,0.5,1.0,0.0,0.0,0.0,0.0,0.5
3,1.0,0.0,0.0,0.0,0.0,0.5,1.0,0.0,0.0,0.0,0.0,0.5
4,1.0,0.0,0.0,0.0,0.0,0.5,1.0,0.0,0.0,0.0,0.0,0.5
0,0.9988964200019836,6778.32421875,9198.2138671875,941.890869140625,9198.2138671875,227.4488067626953,1.0,0.0,0.0,0.0,0.0,0.5
1,1.0,0.0,0.0,0.0,0.0,0.5,1.0,0.0,0.0,0.0,0.0,0.5
2,1.0,0.0,0.0,0.0,0.0,0.5,1.0,0.0,0.0,0.0,0.0,0.5
3,1.0,0.0,0.0,0.0,0.0,0.5,1.0,0.0,0.0,0.0,0.0,0.5
4,1.0,0.0,0.0,0.0,0.0,0.5,1.0,0.0,0.0,0.0,0.0,0.5
0,0.976015567779541,926887936.0,1066574272.0,56075728.0,1066574272.0,7632638.5,1.0,0.0,0.0,0.0,0.0,0.5
1,1.0,0.0,0.0,0.0,0.0,0.5,1.0,0.0,0.0,0.0,0.0,0.5
2,1.0,0.0,0.0,0.0,0.0,0.5,1.0,0.0,0.0,0.0,0.0,0.5
3,1.0,0.0,0.0,0.0,0.0,0.5,1.0,0.0,0.0,0.0,0.0,0.5
4,1.0,0.0,0.0,0.0,0.0,0.5,1.0,0.0,0.0,0.0,0.0,0.5
0,0.996661901473999,2455.137939453125,2904.1015625,345.83966064453125,2904.1015625,52.1483154296875,1.0,0.0,0.0,0.0,0.0,0.5
1,1.0,0.0,0.0,0.0,0.0,0.5,1.0,0.0,0.0,0.0,0.0,0.5
2,1.0,0.0,0.0,0.0,0.0,0.5,1.0,0.0,0.0,0.0,0.0,0.5
3,1.0,0.0,0.0,0.0,0.0,0.5,1.0,0.0,0.0,0.0,0.0,0.5
4,1.0,0.0,0.0,0.0,0.0,0.5,1.0,0.0,0.0,0.0,0.0,0.5
0,0.970706045627594,4199530.5,5276330.0,199450.5625,5276330.0,37576.2265625,1.0,0.0,0.0,0.0,0.0,0.5
1,1.0,0.0,0.0,0.0,0.0,0.5,1.0,0.0,0.0,0.0,0.0,0.5
2,1.0,0.0,0.0,0.0,0.0,0.5,1.0,0.0,0.0,0.0,0.0,0.5
3,1.0,0.0,0.0,0.0,0.0,0.5,1.0,0.0,0.0,0.0,0.0,0.5
4,1.0,0.0,0.0,0.0,0.0,0.5,1.0,0.0,0.0,0.0,0.0,0.5
0,0.9309688806533813,116.9325942993164,421.4993591308594,0.1229148656129837,421.4993591308594,0.5219861268997192,0.9519991278648376,0.0003048556682188064,0.0010568524012342095,0.0006097100558690727,0.0010568524012342095,0.5003046989440918
1,0.9711673855781555,0.001843246165663004,0.0070399208925664425,8.42868976178579e-05,0.0070399208925664425,0.49855637550354004,0.9258535504341125,0.012944471091032028,0.0439673475921154,0.025888947769999504,0.0439673475921154,0.512951135635376
2,0.9143156409263611,1.226303219795227,4.49242639541626,0.030553927645087242,4.49242639541626,0.5096280574798584,0.9240565896034241,0.08214898407459259,0.2626606822013855,0.08038213104009628,0.2626606822013855,0.5347177386283875
3,0.8900908827781677,1.4383822679519653,2.1752800941467285,0.1495756357908249,2.1752800941467285,0.3755660355091095,0.8195866942405701,5.0445709228515625,2.9794504642486572,4.404466152191162,2.9794504642486572,1.317838430404663
4,0.6815839409828186,6.238461971282959,10.799171447753906,0.7728199362754822,10.799171447753906,0.027968555688858032,0.819968581199646,5.558765888214111,3.3467490673065186,4.522510051727295,3.3467490673065186,1.2180904150009155
0,0.6748838424682617,8.324128150939941,6.369723320007324,0.8151838779449463,6.369723320007324,0.01974700763821602,0.7895979881286621,7.078614234924316,4.022222995758057,4.339835166931152,4.022222995758057,0.6630743741989136
1,0.6420179605484009,8.1644926071167,4.2970805168151855,1.2663629055023193,4.2970805168151855,0.00637249369174242,0.7719660997390747,8.364782333374023,4.448427200317383,4.9781174659729,4.448427200317383,0.6557239294052124
2,0.6302163600921631,9.44826889038086,4.955322742462158,1.602827787399292,4.955322742462158,0.00420162919908762,0.7749685645103455,9.90849494934082,4.727795124053955,6.314615249633789,4.727795124053955,0.7379692792892456
3,0.6173643469810486,10.14854907989502,4.7179365158081055,1.9599130153656006,4.7179365158081055,0.0031321286223828793,0.7661432027816772,9.312689781188965,4.321145534515381,5.895992755889893,4.321145534515381,0.6471012234687805
4,0.6061387062072754,10.571155548095703,4.7616376876831055,2.1178863048553467,4.7616376876831055,0.002663050079718232,0.7591269016265869,9.56123161315918,4.260504722595215,6.343952178955078,4.260504722595215,0.7346894145011902
0,0.7036982178688049,19839450.0,12313508.0,2799417.5,12313508.0,13544.1787109375,0.8064690232276917,24069226.0,13336195.0,16413389.0,13336195.0,2362931.5
1,0.6487783193588257,35772464.0,18756506.0,5463852.5,18756506.0,14791.9453125,0.8128481507301331,30921578.0,16315329.0,22073596.0,16315329.0,3183253.25
2,0.6376753449440002,42889608.0,21406196.0,7330478.5,21406196.0,6339.9033203125,0.7971248626708984,37186020.0,18207284.0,27080272.0,18207284.0,3388307.5
3,0.623177170753479,50232856.0,23263660.0,9705559.0,23263660.0,4156.7060546875,0.7862533926963806,44977796.0,20941622.0,31993748.0,20941622.0,3668554.0
4,0.6179270148277283,57159776.0,25629850.0,11839932.0,25629850.0,3200.83984375,0.7818284034729004,51367996.0,23591978.0,37370296.0,23591978.0,4376958.5
0,0.7082720994949341,53781148.0,33379724.0,6360988.5,33379724.0,11846.1572265625,0.803046464920044,82600120.0,47714588.0,49267276.0,47714588.0,5955581.5
1,0.6708757877349854,102698160.0,57782396.0,14365933.0,57782396.0,15720.1982421875,0.8038818836212158,120527160.0,68018984.0,70126480.0,68018984.0,7017083.5
2,0.6459307074546814,125160584.0,63738716.0,20374304.0,63738716.0,8975.001953125,0.7912374138832092,141837040.0,73184232.0,89737256.0,73184232.0,9607143.0
3,0.6305940747261047,147297632.0,70792088.0,26343838.0,70792088.0,5477.076171875,0.7920539975166321,162504320.0,84593280.0,100186144.0,84593280.0,9420718.0
4,0.6233625411987305,162688240.0,74737288.0,33410856.0,74737288.0,4146.79638671875,0.7875251173973083,178525248.0,92093160.0,112130936.0,92093160.0,10363301.0
0,0.7043777108192444,29907540.0,19056782.0,4178593.25,19056782.0,20998.177734375,0.8084905743598938,32784698.0,17401668.0,23477770.0,17401668.0,3176186.0
1,0.6580709218978882,52089024.0,27704328.0,8861772.0,27704328.0,22370.775390625,0.8117026090621948,43042732.0,23261570.0,31309648.0,23261570.0,4227623.5
2,0.6241295337677002,65211796.0,30982996.0,11691636.0,30982996.0,9023.5849609375,0.8015498518943787,55750728.0,27347700.0,41623580.0,27347700.0,5357265.5
3,0.6206673979759216,77250848.0,35868616.0,15435387.0,35868616.0,5886.7626953125,0.8022237420082092,69124000.0,33345292.0,50753440.0,33345292.0,6092572.0
4,0.6231151819229126,90806736.0,41550788.0,19578504.0,41550788.0,4424.38427734375,0.7822551727294922,83327680.0,37191632.0,60621560.0,37191632.0,6870828.5
0,0.7022878527641296,83042376.0,50456380.0,9894404.0,50456380.0,17843.771484375,0.8178957104682922,136213200.0,83268312.0,80475312.0,83268312.0,9673664.0
1,0.6659863591194153,161318896.0,89198088.0,22680630.0,89198088.0,25103.443359375,0.8059170842170715,191457008.0,111635000.0,113348784.0,111635000.0,13043529.0
2,0.6380154490470886,205736304.0,102209576.0,33935996.0,102209576.0,14019.1884765625,0.7971168160438538,238944672.0,133607328.0,142036576.0,133607328.0,14823917.0
3,0.6264127492904663,233803312.0,109880040.0,43763748.0,109880040.0,8988.28125,0.7857726216316223,253404016.0,130214144.0,155388208.0,130214144.0,14495231.0
4,0.6131114363670349,261013632.0,116095584.0,51897252.0,116095584.0,7049.115234375,0.7836306691169739,290161280.0,144732464.0,178890528.0,144732464.0,15543015.0
0,0.9683823585510254,16.222206115722656,18.930004119873047,1.808666467666626,18.930004119873047,0.8348320126533508,1.0,0.0,0.0,0.0,0.0,0.5
1,1.0,0.0,0.0,0.0,0.0,0.5,1.0,0.0,0.0,0.0,0.0,0.5
2,1.0,0.0,0.0,0.0,0.0,0.5,1.0,0.0,0.0,0.0,0.0,0.5
3,1.0,0.0,0.0,0.0,0.0,0.5,1.0,0.0,0.0,0.0,0.0,0.5
4,1.0,0.0,0.0,0.0,0.0,0.5,1.0,0.0,0.0,0.0,0.0,0.5
0,0.6965498328208923,44874136.0,27179846.0,4933581.0,27179846.0,8276.4609375,0.800000011920929,72489280.0,45028484.0,37078980.0,45028484.0,3603851.75
1,0.6633068919181824,87831536.0,48337056.0,11943514.0,48337056.0,11123.126953125,0.7976759076118469,101377784.0,61620188.0,51950752.0,61620188.0,4191753.75
2,0.6466548442840576,109611528.0,56452304.0,17097588.0,56452304.0,7459.7880859375,0.7969158291816711,122005912.0,75665360.0,62629548.0,75665360.0,5262784.5
3,0.6349540948867798,124596400.0,60811776.0,21402868.0,60811776.0,4735.6826171875,0.7942713499069214,135137424.0,77413736.0,76065224.0,77413736.0,6580329.0
4,0.6317480802536011,142479920.0,68095472.0,25877324.0,68095472.0,5640.93115234375,0.7865703701972961,153050832.0,85400800.0,85376840.0,85400800.0,6993019.5
0,0.9987078905105591,542.9920654296875,584.7357177734375,83.21578979492188,584.7357177734375,15.469016075134277,1.0,0.0,0.0,0.0,0.0,0.5
1,1.0,0.0,0.0,0.0,0.0,0.5,1.0,0.0,0.0,0.0,0.0,0.5
2,1.0,0.0,0.0,0.0,0.0,0.5,1.0,0.0,0.0,0.0,0.0,0.5
3,1.0,0.0,0.0,0.0,0.0,0.5,1.0,0.0,0.0,0.0,0.0,0.5
4,1.0,0.0,0.0,0.0,0.0,0.5,1.0,0.0,0.0,0.0,0.0,0.5
0,1.0,0.0,0.0,0.0,0.0,0.5,1.0,0.0,0.0,0.0,0.0,0.5
1,1.0,0.0,0.0,0.0,0.0,0.5,1.0,0.0,0.0,0.0,0.0,0.5
2,1.0,0.0,0.0,0.0,0.0,0.5,1.0,0.0,0.0,0.0,0.0,0.5
3,1.0,0.0,0.0,0.0,0.0,0.5,1.0,0.0,0.0,0.0,0.0,0.5
4,1.0,0.0,0.0,0.0,0.0,0.5,1.0,0.0,0.0,0.0,0.0,0.5
0,1.0,0.0,0.0,0.0,0.0,0.5,1.0,0.0,0.0,0.0,0.0,0.5
1,1.0,0.0,0.0,0.0,0.0,0.5,1.0,0.0,0.0,0.0,0.0,0.5
2,1.0,0.0,0.0,0.0,0.0,0.5,1.0,0.0,0.0,0.0,0.0,0.5
3,1.0,0.0,0.0,0.0,0.0,0.5,1.0,0.0,0.0,0.0,0.0,0.5
4,1.0,0.0,0.0,0.0,0.0,0.5,1.0,0.0,0.0,0.0,0.0,0.5
0,0.7702542543411255,6.978913307189941,8.601765632629395,1.2103486061096191,8.601765632629395,0.4210151731967926,0.8233827352523804,6.855470180511475,5.360569477081299,5.697909355163574,5.360569477081299,2.373767852783203
1,0.738795280456543,4.497284889221191,3.2824974060058594,0.6200612783432007,3.2824974060058594,0.08238077908754349,0.8661500215530396,2.211299180984497,2.2216269969940186,1.4588755369186401,2.2216269969940186,0.6702485680580139
2,0.765936553478241,8.369915962219238,7.0112786293029785,0.7429688572883606,7.0112786293029785,0.04972865805029869,0.8449460864067078,4.52147912979126,3.004852533340454,4.020826816558838,3.004852533340454,1.4032059907913208
3,0.7818532586097717,8.392395973205566,7.365143775939941,0.769210159778595,7.365143775939941,0.05667300149798393,0.8443620800971985,5.488492488861084,4.990176677703857,4.894314765930176,4.990176677703857,2.226768970489502
4,0.7786589860916138,5.767598628997803,5.102944850921631,0.704287588596344,5.102944850921631,0.10213785618543625,0.8499326109886169,4.967406272888184,3.490553617477417,4.629487991333008,3.490553617477417,1.6945308446884155
0,0.7424582839012146,6.511919975280762,4.89825963973999,1.9246931076049805,4.89825963973999,0.5819557309150696,0.8174079060554504,7.159559726715088,5.045737266540527,5.933245658874512,5.045737266540527,2.2954983711242676
1,0.7737783193588257,36.01409912109375,48.866455078125,4.7767181396484375,48.866455078125,1.6140975952148438,1.0,0.0,0.0,0.0,0.0,0.5
2,1.0,0.0,0.0,0.0,0.0,0.5,1.0,0.0,0.0,0.0,0.0,0.5
3,1.0,0.0,0.0,0.0,0.0,0.5,1.0,0.0,0.0,0.0,0.0,0.5
4,1.0,0.0,0.0,0.0,0.0,0.5,1.0,0.0,0.0,0.0,0.0,0.5
0,0.9595513343811035,255.77500915527344,570.1640014648438,0.6273272037506104,570.1640014648438,0.9744033217430115,1.0,0.0,0.0,0.0,0.0,0.5
1,1.0,0.0,0.0,0.0,0.0,0.5,1.0,0.0,0.0,0.0,0.0,0.5
2,1.0,0.0,0.0,0.0,0.0,0.5,1.0,0.0,0.0,0.0,0.0,0.5
0,0.9022502899169922,300.5254821777344,281.75433349609375,41.01758575439453,281.75433349609375,0.8867310881614685,0.8852323889732361,0.9853175282478333,1.9301064014434814,0.9125074744224548,1.9301064014434814,0.8070108890533447
1,0.9207220077514648,10.749831199645996,32.826026916503906,0.23594866693019867,32.826026916503906,0.38399946689605713,0.9136746525764465,0.4121914207935333,1.0689374208450317,0.3228464424610138,1.0689374208450317,0.6211166381835938
2,0.9266513586044312,58.80297088623047,196.94686889648438,12.055273056030273,196.94686889648438,6.534209728240967,0.9210804104804993,0.8811796307563782,2.578765630722046,0.9919185638427734,2.578765630722046,0.9501897096633911
3,0.92946857213974,127.44893646240234,415.1947021484375,4.154068946838379,415.1947021484375,1.6382684707641602,0.9107223749160767,0.35838648676872253,0.970580518245697,0.31902432441711426,0.970580518245697,0.6160123348236084
4,0.9284633994102478,1144.3162841796875,3183.12255859375,27.319278717041016,3183.12255859375,10.71949291229248,0.927305281162262,2.2372467517852783,7.1504058837890625,4.392025947570801,7.1504058837890625,2.6882548332214355
0,0.9984648823738098,2857.955810546875,3225.279052734375,492.9682922363281,3225.279052734375,106.1759033203125,1.0,0.0,0.0,0.0,0.0,0.5
1,1.0,0.0,0.0,0.0,0.0,0.5,1.0,0.0,0.0,0.0,0.0,0.5
2,1.0,0.0,0.0,0.0,0.0,0.5,1.0,0.0,0.0,0.0,0.0,0.5
3,1.0,0.0,0.0,0.0,0.0,0.5,1.0,0.0,0.0,0.0,0.0,0.5
4,1.0,0.0,0.0,0.0,0.0,0.5,1.0,0.0,0.0,0.0,0.0,0.5
0,0.9233478307723999,37.1407585144043,49.28997802734375,4.716766834259033,49.28997802734375,0.7123399376869202,0.9184860587120056,0.2761648893356323,0.7794291973114014,0.1848837286233902,0.7794291973114014,0.5563472509384155
1,0.9283623695373535,1.389196515083313,4.6791911125183105,0.07885438948869705,4.6791911125183105,0.49944958090782166,0.9247753620147705,13.51555347442627,39.93598937988281,9.113014221191406,39.93598937988281,4.735947132110596
2,0.9274572134017944,11.41393756866455,42.92414855957031,0.04199676960706711,42.92414855957031,0.4802612066268921,0.9337376356124878,11.029133796691895,37.63980484008789,20.758251190185547,37.63980484008789,10.891956329345703
3,0.9302323460578918,5.08857536315918,18.707752227783203,0.07652968913316727,18.707752227783203,0.4885888993740082,0.9344564080238342,24.52366828918457,84.12931060791016,41.82417297363281,84.12931060791016,21.5048828125
4,0.8877720832824707,11.6060209274292,40.11722183227539,0.32382890582084656,40.11722183227539,0.4174799919128418,0.843643307685852,2.1069352626800537,1.3242852687835693,1.7216579914093018,1.3242852687835693,0.6604360342025757
0,0.783871054649353,74863.6328125,61871.08984375,8812.0703125,61871.08984375,137.2853240966797,0.8363567590713501,7481.14990234375,5258.5009765625,6328.86572265625,5258.5009765625,1547.10888671875
1,0.7633897066116333,24548.724609375,18987.876953125,3310.3447265625,18987.876953125,36.690521240234375,0.8528266549110413,48307.56640625,38714.2578125,35513.6015625,38714.2578125,7200.17138671875
2,0.7691346406936646,35160.234375,28051.265625,4681.62353515625,28051.265625,43.921112060546875,0.8377324342727661,138721.484375,101748.71875,99353.3046875,101748.71875,20395.201171875
3,0.7545666098594666,80705.6015625,59975.82421875,11042.994140625,59975.82421875,91.02851104736328,0.8339509963989258,65337.1171875,46530.90234375,44661.34375,46530.90234375,8327.556640625
4,0.7577677965164185,43297.87890625,33345.75,5893.6376953125,33345.75,45.634769439697266,0.8630527853965759,82135.5390625,80324.7578125,60404.91015625,80324.7578125,14326.4560546875
0,0.9991617798805237,10628.2236328125,14762.1259765625,681.9476318359375,14762.1259765625,101.09978485107422,1.0,0.0,0.0,0.0,0.0,0.5
1,1.0,0.0,0.0,0.0,0.0,0.5,1.0,0.0,0.0,0.0,0.0,0.5
2,1.0,0.0,0.0,0.0,0.0,0.5,1.0,0.0,0.0,0.0,0.0,0.5
3,1.0,0.0,0.0,0.0,0.0,0.5,1.0,0.0,0.0,0.0,0.0,0.5
4,1.0,0.0,0.0,0.0,0.0,0.5,1.0,0.0,0.0,0.0,0.0,0.5
0,0.9983557462692261,3006.79638671875,2756.94384765625,546.9595336914062,2756.94384765625,82.62460327148438,1.0,0.0,0.0,0.0,0.0,0.5
1,1.0,0.0,0.0,0.0,0.0,0.5,1.0,0.0,0.0,0.0,0.0,0.5
2,1.0,0.0,0.0,0.0,0.0,0.5,1.0,0.0,0.0,0.0,0.0,0.5
3,1.0,0.0,0.0,0.0,0.0,0.5,1.0,0.0,0.0,0.0,0.0,0.5
4,1.0,0.0,0.0,0.0,0.0,0.5,1.0,0.0,0.0,0.0,0.0,0.5
0,0.9963981509208679,109.73907470703125,394.56591796875,0.08228891342878342,394.56591796875,0.5351307988166809,1.0,0.0,0.0,0.0,0.0,0.5
1,1.0,0.0,0.0,0.0,0.0,0.5,1.0,0.0,0.0,0.0,0.0,0.5
2,1.0,0.0,0.0,0.0,0.0,0.5,1.0,0.0,0.0,0.0,0.0,0.5
3,1.0,0.0,0.0,0.0,0.0,0.5,1.0,0.0,0.0,0.0,0.0,0.5
4,1.0,0.0,0.0,0.0,0.0,0.5,1.0,0.0,0.0,0.0,0.0,0.5
0,0.9987277388572693,4366.548828125,5565.87939453125,373.8288879394531,5565.87939453125,60.98482894897461,1.0,0.0,0.0,0.0,0.0,0.5
1,1.0,0.0,0.0,0.0,0.0,0.5,1.0,0.0,0.0,0.0,0.0,0.5
2,1.0,0.0,0.0,0.0,0.0,0.5,1.0,0.0,0.0,0.0,0.0,0.5
3,1.0,0.0,0.0,0.0,0.0,0.5,1.0,0.0,0.0,0.0,0.0,0.5
4,1.0,0.0,0.0,0.0,0.0,0.5,1.0,0.0,0.0,0.0,0.0,0.5
0,0.9800000190734863,38677188608.0,44123893760.0,3439209728.0,44123893760.0,433567200.0,1.0,0.0,0.0,0.0,0.0,0.5
1,1.0,0.0,0.0,0.0,0.0,0.5,1.0,0.0,0.0,0.0,0.0,0.5
2,1.0,0.0,0.0,0.0,0.0,0.5,1.0,0.0,0.0,0.0,0.0,0.5
3,1.0,0.0,0.0,0.0,0.0,0.5,1.0,0.0,0.0,0.0,0.0,0.5
4,1.0,0.0,0.0,0.0,0.0,0.5,1.0,0.0,0.0,0.0,0.0,0.5
0,0.9579712748527527,14894472.0,19818284.0,990086.5625,19818284.0,103520.21875,1.0,0.0,0.0,0.0,0.0,0.5
1,1.0,0.0,0.0,0.0,0.0,0.5,1.0,0.0,0.0,0.0,0.0,0.5
2,1.0,0.0,0.0,0.0,0.0,0.5,1.0,0.0,0.0,0.0,0.0,0.5
3,1.0,0.0,0.0,0.0,0.0,0.5,1.0,0.0,0.0,0.0,0.0,0.5
4,1.0,0.0,0.0,0.0,0.0,0.5,1.0,0.0,0.0,0.0,0.0,0.5
0,0.9817188382148743,218227520.0,331829920.0,35189672.0,331829920.0,14956907.0,1.0,0.0,0.0,0.0,0.0,0.5
1,1.0,0.0,0.0,0.0,0.0,0.5,1.0,0.0,0.0,0.0,0.0,0.5
2,1.0,0.0,0.0,0.0,0.0,0.5,1.0,0.0,0.0,0.0,0.0,0.5
3,1.0,0.0,0.0,0.0,0.0,0.5,1.0,0.0,0.0,0.0,0.0,0.5
4,1.0,0.0,0.0,0.0,0.0,0.5,1.0,0.0,0.0,0.0,0.0,0.5
0,0.9109353423118591,17.525959014892578,26.836898803710938,2.76840877532959,26.836898803710938,0.5679346919059753,0.902515709400177,6.1396260261535645,15.785414695739746,8.581840515136719,15.785414695739746,4.800560474395752
1,0.9303240776062012,2.430955648422241,7.054113388061523,0.10438227653503418,7.054113388061523,0.45912790298461914,0.9101302623748779,0.1799616664648056,0.48632264137268066,0.17314684391021729,0.48632264137268066,0.5577411651611328
2,0.9260361194610596,2.8523950576782227,8.74079418182373,0.16735412180423737,8.74079418182373,0.47745656967163086,0.916060209274292,0.21325843036174774,0.5908730030059814,0.20180045068264008,0.5908730030059814,0.5663532614707947
3,0.922529399394989,4.999575614929199,16.87544059753418,0.0804060772061348,16.87544059753418,0.4729382395744324,0.919833779335022,0.3283100128173828,0.9263782501220703,0.22607631981372833,0.9263782501220703,0.5663425326347351
4,0.9207661151885986,3.425586223602295,11.561140060424805,0.09174054116010666,11.561140060424805,0.5090214610099792,0.9254492521286011,2.4071483612060547,7.8885884284973145,0.49465709924697876,7.8885884284973145,0.5115154385566711
0,0.714143693447113,30292216.0,19215474.0,3255847.75,19215474.0,6255.2177734375,0.8078328967094421,51349424.0,31971198.0,27433174.0,31971198.0,2858238.5
1,0.6813174486160278,57517620.0,33668444.0,7536435.0,33668444.0,9040.5703125,0.8014132976531982,65234220.0,37828228.0,36912116.0,37828228.0,3744042.5
2,0.6561720967292786,68722368.0,36202088.0,10675292.0,36202088.0,4643.32373046875,0.7967776656150818,77385744.0,44009968.0,43066836.0,44009968.0,3840158.5
3,0.6445102691650391,77467632.0,38794588.0,13203813.0,38794588.0,2924.97900390625,0.7871231436729431,86909072.0,47015132.0,49737548.0,47015132.0,4167849.5
4,0.6429938673973083,87882680.0,42733556.0,16760387.0,42733556.0,2412.510009765625,0.7843027710914612,101470520.0,54112204.0,59028708.0,54112204.0,5018223.0
0,0.6798107028007507,16077672.0,9209187.0,2313006.75,9209187.0,10455.3505859375,0.8071877956390381,22872092.0,13089774.0,16405694.0,13089774.0,2755602.75
1,0.6403512954711914,29879902.0,15256808.0,4962577.5,15256808.0,11147.3876953125,0.8313567042350769,28683138.0,17367126.0,21735420.0,17367126.0,3755268.75
2,0.6166720986366272,35051612.0,16587939.0,6127386.5,16587939.0,5031.89208984375,0.82021564245224,33416280.0,17412120.0,25677470.0,17412120.0,3954830.0
3,0.6142962574958801,42351220.0,19639602.0,7845458.0,19639602.0,3322.23779296875,0.8059973120689392,38757296.0,19734492.0,29572700.0,19734492.0,4304227.0
4,0.6007529497146606,47988728.0,20672756.0,9825257.0,20672756.0,2330.97802734375,0.8104447722434998,45655212.0,23048938.0,35108864.0,23048938.0,5119737.0
0,0.6900285482406616,44608860.0,26440518.0,4903214.5,26440518.0,8542.091796875,0.7999434471130371,69889392.0,43077592.0,35629564.0,43077592.0,3270370.5
1,0.6697669625282288,89877104.0,50601880.0,11978090.0,50601880.0,11829.8857421875,0.7939196228981018,100595800.0,59536596.0,54093424.0,59536596.0,4812798.5
2,0.6540490984916687,105016536.0,55980036.0,15550188.0,55980036.0,10169.228515625,0.794836699962616,112758848.0,65580280.0,62742012.0,65580280.0,5773740.0
3,0.6306413412094116,118894272.0,57566432.0,20127584.0,57566432.0,6503.45361328125,0.7916771173477173,130666048.0,73916728.0,74408920.0,73916728.0,6618331.5
4,0.6197259426116943,136752016.0,62840712.0,25028120.0,62840712.0,3873.882568359375,0.7884045243263245,146839136.0,79322024.0,85076400.0,79322024.0,6864736.0
0,0.6990556120872498,9253262.0,5655667.5,1328678.125,5655667.5,7025.44091796875,0.813477098941803,10664112.0,5975929.0,7827173.5,5975929.0,1205493.875
1,0.6591968536376953,17675052.0,9536288.0,2885745.0,9536288.0,6235.29248046875,0.8051662445068359,15455176.0,8216215.5,11683288.0,8216215.5,1759027.25
2,0.6378886103630066,21898170.0,10949006.0,3940199.5,10949006.0,2605.4951171875,0.7977088689804077,19719746.0,9903252.0,15065805.0,9903252.0,2206139.0
0,0.6805225014686584,7069297.5,4084631.5,1016460.5625,4084631.5,5447.0166015625,0.8061320781707764,11304324.0,5916379.5,8761431.0,5916379.5,1517916.0
1,0.6416879892349243,16413771.0,8394620.0,2584471.0,8394620.0,7048.3046875,0.8082883954048157,16026671.0,8377881.0,11946630.0,8377881.0,1849041.125
2,0.6206079125404358,21678208.0,10286523.0,3801031.0,10286523.0,4130.09423828125,0.7856019735336304,18900276.0,8889106.0,14799896.0,8889106.0,2289791.25
3,0.6088452339172363,25624734.0,11660206.0,4753819.0,11660206.0,2703.07080078125,0.7962039709091187,24613396.0,11633512.0,18509554.0,11633512.0,2570388.0
4,0.5978389382362366,29695696.0,12565048.0,6252237.5,12565048.0,1834.9530029296875,0.8017520308494568,28109054.0,13924143.0,21375228.0,13924143.0,3155049.75
0,0.8327728509902954,246.11532592773438,191.18212890625,39.6812744140625,191.18212890625,0.8976501226425171,0.8668463826179504,15.033862113952637,15.348552703857422,12.242741584777832,15.348552703857422,3.6057214736938477
1,0.6913502216339111,4.327056407928467,2.608806848526001,0.6769623160362244,2.608806848526001,0.027910703793168068,0.8258984684944153,6.251836776733398,5.5964765548706055,4.057909965515137,5.5964765548706055,0.7283948063850403
2,0.6520717740058899,4.760837554931641,2.4943530559539795,0.8828049302101135,2.4943530559539795,0.014204711653292179,0.8172057271003723,5.697860240936279,4.35781192779541,3.6025590896606445,4.35781192779541,0.6393007636070251
3,0.6299872994422913,5.220187664031982,2.544471502304077,1.0139641761779785,2.544471502304077,0.007798234466463327,0.8338050246238708,4.824408054351807,4.253143787384033,3.051521062850952,4.253143787384033,0.516473114490509
4,0.6043886542320251,5.479846477508545,2.421219825744629,1.1315332651138306,2.421219825744629,0.004555835388600826,0.830727756023407,7.314769744873047,7.9445037841796875,4.484128475189209,7.9445037841796875,0.6927732229232788
0,0.9554589986801147,4.788406899272674e-22,8.156918316560061e-23,9.576814808287307e-22,8.156918316560061e-23,0.5,0.9357591867446899,1.1174607905672929e-09,3.868998899037024e-09,2.234920692956166e-09,3.868998899037024e-09,0.5
1,0.9553672671318054,4.788407404143653e-22,8.179454494900415e-23,9.576814808287307e-22,8.179454494900415e-23,0.5,0.9352875351905823,1.1174607905672929e-09,3.774982992865716e-09,2.234920470911561e-09,3.774982992865716e-09,0.5
2,0.9554615020751953,4.788407909014633e-22,4.7953560696500745e-23,9.576814808287307e-22,4.7953560696500745e-23,0.5,0.9357367753982544,1.1174611236342002e-09,3.9099679050025316e-09,2.234920692956166e-09,3.9099679050025316e-09,0.5
3,0.9554738998413086,4.788406394401695e-22,3.625297695731458e-23,9.576813798545348e-22,3.625297695731458e-23,0.5,0.9365453720092773,1.1174607905672929e-09,3.978435358931165e-09,2.2349200268223512e-09,3.978435358931165e-09,0.5
4,0.9556127786636353,4.788407404143653e-22,7.565759207050643e-23,9.576814808287307e-22,7.565759207050643e-23,0.5,0.9365453720092773,1.1174607905672929e-09,3.926191816105984e-09,2.234920470911561e-09,3.926191816105984e-09,0.5
0,0.8985154628753662,1265.0496826171875,819.7945556640625,275.2748718261719,819.7945556640625,6.0184855461120605,0.9150719046592712,5.018357753753662,15.767131805419922,4.943377494812012,15.767131805419922,2.932239294052124
1,0.9279903769493103,7.606290340423584,26.554141998291016,0.15051116049289703,26.554141998291016,0.4388767182826996,0.8847259879112244,2.785830020904541,5.6685051918029785,2.1369872093200684,5.6685051918029785,1.3908748626708984
2,0.930031418800354,10.068228721618652,33.80185317993164,0.2721148133277893,33.80185317993164,0.450503945350647,0.9090521335601807,0.8021398782730103,2.4718120098114014,1.4366204738616943,2.4718120098114014,1.1818861961364746
3,0.932995080947876,4.86123514175415,14.379490852355957,0.3878552317619324,14.379490852355957,0.4639185965061188,0.9120170474052429,0.9192922115325928,2.585259437561035,1.4776555299758911,2.585259437561035,1.2215790748596191
4,0.935544490814209,12.112584114074707,35.847835540771484,0.9593255519866943,35.847835540771484,0.46743378043174744,0.9200584292411804,1.5214165449142456,4.728853225708008,2.724745750427246,4.728853225708008,1.8312108516693115
0,0.6822210550308228,13740362.0,7871287.0,1668635.875,7871287.0,3174.755126953125,0.8167085647583008,35190108.0,21287686.0,20747266.0,21287686.0,2594850.75
1,0.6733847856521606,45314756.0,25540402.0,6325506.5,25540402.0,8484.9580078125,0.7981218695640564,54487144.0,29403964.0,32060884.0,29403964.0,3041641.75
2,0.6378909349441528,57410696.0,28657514.0,9352811.0,28657514.0,4618.31640625,0.7951695919036865,67414952.0,35577160.0,40421652.0,35577160.0,3945206.25
3,0.6280063986778259,68263584.0,32369886.0,12398497.0,32369886.0,3297.755126953125,0.7870854139328003,78406504.0,40030268.0,47836468.0,40030268.0,4321039.0
4,0.6152615547180176,76842056.0,34202504.0,15671823.0,34202504.0,2296.174560546875,0.7914509773254395,87944160.0,44889860.0,55560624.0,44889860.0,5251846.5
0,0.9094720482826233,90.670654296875,112.46246337890625,9.441914558410645,112.46246337890625,0.49923282861709595,0.8985992670059204,15.959650993347168,44.2865104675293,13.907286643981934,44.2865104675293,7.227967262268066
1,0.9247614145278931,11.46451473236084,36.00986099243164,0.24378536641597748,36.00986099243164,0.4279431402683258,0.9114258885383606,0.11816675215959549,0.315924733877182,0.05771874636411667,0.315924733877182,0.4970915615558624
2,0.934849739074707,41.060916900634766,134.19117736816406,0.9473515152931213,134.19117736816406,0.7876704335212708,0.9192273616790771,110.97325134277344,382.70867919921875,84.83089447021484,382.70867919921875,42.93535614013672
3,0.9344136118888855,23.33131217956543,77.8329849243164,0.2737571895122528,77.8329849243164,0.5510611534118652,0.9245100617408752,48.53568649291992,145.7554168701172,41.184349060058594,145.7554168701172,20.67261505126953
4,0.9375813603401184,59.19417953491211,176.47418212890625,1.917799949645996,176.47418212890625,0.6596124172210693,0.9301759004592896,0.06719206273555756,0.21272993087768555,0.11527660489082336,0.21272993087768555,0.5508477091789246
0,0.78401780128479,3.7514037060153795e-17,1.2289791614125776e-16,2.791917539717965e-17,1.2289791614125776e-16,0.5,0.8847424387931824,4.3464226662237593e-10,1.5695196253773247e-09,2.897627415787696e-10,1.5695196253773247e-09,0.5
1,0.7847802042961121,3.7237762044283534e-17,1.2222497493444382e-16,2.771293610941303e-17,1.2222497493444382e-16,0.5,0.885728657245636,4.328414571208583e-10,1.5129447694661735e-09,2.88562285177818e-10,1.5129447694661735e-09,0.5
2,0.7862715721130371,3.69595977478942e-17,1.2128638301954725e-16,2.7504842282713065e-17,1.2128638301954725e-16,0.5,0.8866519927978516,4.3103504099306633e-10,1.5488773597027716e-09,2.873576654405241e-10,1.5488773597027716e-09,0.5
3,0.7880780696868896,3.6686972252886524e-17,1.1993757569527338e-16,2.7300770208151333e-17,1.1993757569527338e-16,0.5,0.886488676071167,4.292624866675254e-10,1.5304273404126434e-09,2.8617624936444486e-10,1.5304273404126434e-09,0.5
4,0.7871981263160706,3.6419485203844027e-17,1.1972932470425703e-16,2.710082576484624e-17,1.1972932470425703e-16,0.5,0.8881720900535583,4.275122478247795e-10,1.515498171400509e-09,2.850091829209589e-10,1.515498171400509e-09,0.5
0,0.790253221988678,35989.3671875,29535.04296875,4012.072021484375,29535.04296875,67.59817504882812,0.855031430721283,5354.0966796875,4699.08984375,4803.89892578125,4699.08984375,1383.98388671875
1,0.7852490544319153,8189.7158203125,7159.2998046875,1032.4500732421875,7159.2998046875,14.844013214111328,0.8574560284614563,8523.6767578125,8237.845703125,7439.25244140625,8237.845703125,2212.881591796875
2,0.7748316526412964,7996.80517578125,6853.50390625,1010.1769409179688,6853.50390625,12.159418106079102,0.8369472622871399,3124.111083984375,2485.818115234375,2949.161865234375,2485.818115234375,897.328857421875
3,0.7578895092010498,3646.439697265625,2896.634765625,500.3569030761719,2896.634765625,5.457087993621826,0.8358668088912964,3337.857421875,2440.042724609375,2875.795654296875,2440.042724609375,756.447509765625
4,0.7588647603988647,4577.826171875,3730.0595703125,616.8388671875,3730.0595703125,5.79558801651001,0.8736934661865234,7483.31884765625,9077.435546875,6265.298828125,9077.435546875,1977.634765625
0,0.7734187245368958,44203.80078125,30485.365234375,8276.357421875,30485.365234375,135.14402770996094,0.8400943279266357,2713.27099609375,1805.735595703125,2326.409423828125,1805.735595703125,596.54541015625
1,0.8610995411872864,436.5101623535156,402.3231506347656,93.24435424804688,402.3231506347656,4.638550758361816,0.8842542767524719,1.794481635093689,2.8957700729370117,1.584307312965393,2.8957700729370117,0.9950463771820068
2,0.9154787659645081,1.3841382265090942,4.072029113769531,0.07459467649459839,4.072029113769531,0.44640088081359863,0.9299640655517578,0.025821667164564133,0.07716590166091919,0.019213272258639336,0.07716590166091919,0.4963981807231903
3,0.9268421530723572,1.069508671760559,3.547341823577881,0.05182969197630882,3.547341823577881,0.4987039566040039,0.93135666847229,0.180871844291687,0.5744394063949585,0.2817551791667938,0.5744394063949585,0.6207795143127441
4,0.9298330545425415,15.50412654876709,55.1090087890625,0.5880559086799622,55.1090087890625,0.8406064510345459,0.9356918334960938,0.7195226550102234,2.52294659614563,1.3476704359054565,2.52294659614563,1.1685608625411987
0,0.8731747269630432,5693.3125,4152.455078125,1550.5218505859375,4152.455078125,24.87042999267578,0.9149595499038696,1.3262702226638794,4.016174793243408,1.8892379999160767,4.016174793243408,1.4070910215377808
1,0.9265445470809937,3.6763675212860107,12.302753448486328,0.344871461391449,12.302753448486328,0.5820069313049316,0.9301437735557556,0.04126116633415222,0.1391552984714508,0.02769317664206028,0.1391552984714508,0.5054030418395996
2,0.9249672889709473,4.450704097747803,16.28922462463379,0.03705466166138649,16.28922462463379,0.4970012307167053,0.9206648468971252,1.2277040481567383,3.528982162475586,0.868732750415802,3.528982162475586,0.8847609758377075
3,0.9299669861793518,30.175127029418945,111.30776977539062,0.03679855167865753,111.30776977539062,0.48201245069503784,0.9294474124908447,13.509099006652832,46.82789993286133,9.06092643737793,46.82789993286133,5.006892681121826
4,0.9296519756317139,4.4990668296813965,16.288951873779297,0.15502457320690155,16.288951873779297,0.5420039892196655,0.9248652458190918,0.7091051936149597,2.4083149433135986,0.4803007245063782,2.4083149433135986,0.7087486386299133
0,0.9099904894828796,25.634973526000977,21.051218032836914,5.322494983673096,21.051218032836914,0.6428006887435913,0.8976190686225891,0.5094389915466309,1.1756521463394165,0.45718246698379517,1.1756521463394165,0.6650182008743286
1,0.9284566640853882,3.49644136428833,10.641971588134766,0.10296811163425446,10.641971588134766,0.432547003030777,0.9038859009742737,0.21178938448429108,0.5548846125602722,0.18481753766536713,0.5548846125602722,0.5514680743217468
2,0.9273654222488403,2.009690523147583,6.476864337921143,0.07816808670759201,6.476864337921143,0.463329553604126,0.9005615711212158,0.19193124771118164,0.46848076581954956,0.19270840287208557,0.46848076581954956,0.5526624917984009
3,0.9249846339225769,1.0718953609466553,3.5830070972442627,0.06001051515340805,3.5830070972442627,0.4658026695251465,0.903840959072113,0.43031731247901917,1.2724087238311768,0.5620138645172119,1.2724087238311768,0.7326687574386597
4,0.9227104783058167,3.1678552627563477,11.190436363220215,0.09966814517974854,11.190436363220215,0.5163698792457581,0.9166442155838013,0.02197975479066372,0.06547121703624725,0.031091829761862755,0.06547121703624725,0.509117066860199
0,0.9270529747009277,5.686707019805908,18.03333282470703,0.16231052577495575,18.03333282470703,0.44252970814704895,0.9169586896896362,4.383366584777832,13.086172103881836,6.479117393493652,13.086172103881836,3.681873083114624
1,0.9276729822158813,5.947459697723389,20.263843536376953,0.21859684586524963,20.263843536376953,0.5077617764472961,0.919519305229187,6.25059700012207,18.874542236328125,6.664831638336182,18.874542236328125,3.7066798210144043
2,0.8002301454544067,7.219751358032227,19.94683074951172,0.42375364899635315,19.94683074951172,0.2500619888305664,0.7809299230575562,3.9668595790863037,1.8223568201065063,2.786790609359741,1.8223568201065063,0.5527242422103882
3,0.6386772394180298,4.008055686950684,1.8866305351257324,0.9416700601577759,1.8866305351257324,0.02488519251346588,0.7935534715652466,5.010729789733887,2.1685309410095215,3.68318510055542,2.1685309410095215,0.5829952359199524
4,0.5997906923294067,5.730362892150879,2.3572192192077637,1.3609154224395752,2.3572192192077637,0.008041312918066978,0.7725067138671875,4.980765342712402,1.885733962059021,3.7926347255706787,1.885733962059021,0.5566712617874146
0,0.8266701698303223,16.375329971313477,35.08851623535156,0.8176915645599365,35.08851623535156,0.20137342810630798,0.7947927117347717,6.368199825286865,3.563053607940674,4.512211799621582,3.563053607940674,0.8649611473083496
0,0.6944481134414673,2989359.5,1818648.125,417388.1875,1818648.125,1501.866455078125,0.8097259402275085,4095778.5,2230796.75,3006225.75,2230796.75,471891.53125
1,0.6458010077476501,6112879.0,3150358.25,1009268.0625,3150358.25,1807.352294921875,0.8086028695106506,5865045.0,2892187.25,4482924.0,2892187.25,626109.375
2,0.616962730884552,7554976.0,3499751.25,1400930.5,3499751.25,1025.0455322265625,0.7989667654037476,7013116.5,3273586.75,5424131.0,3273586.75,724808.0625
0,0.8959453701972961,333.99237060546875,238.45767211914062,58.93800735473633,238.45767211914062,1.7852674722671509,0.8935534358024597,0.4999452829360962,1.0492634773254395,0.35254165530204773,1.0492634773254395,0.5853257179260254
1,0.9305257797241211,7.29617977142334,22.922048568725586,0.07819768786430359,22.922048568725586,0.48048776388168335,0.9007412195205688,0.7747551202774048,1.8003429174423218,0.6198711395263672,1.8003429174423218,0.7326438426971436
2,0.9296942949295044,7.873937129974365,26.35879898071289,0.0767267495393753,26.35879898071289,0.49173644185066223,0.92821204662323,8.266337394714355,27.622098922729492,6.422152042388916,27.622098922729492,3.6782612800598145
0,0.8884454369544983,61.24604797363281,48.79222106933594,10.812153816223145,48.79222106933594,0.5159175395965576,0.9046046733856201,0.2742871642112732,0.9027292728424072,0.21519772708415985,0.9027292728424072,0.5856050252914429
1,0.9246283769607544,6.008248805999756,19.110654830932617,0.08670315891504288,19.110654830932617,0.447455495595932,0.9140835404396057,3.893770456314087,10.275712966918945,2.8479909896850586,10.275712966918945,1.831067442893982
2,0.9194332957267761,6.4821858406066895,20.510910034179688,0.07450715452432632,20.510910034179688,0.49156928062438965,0.9333558082580566,1.2178510427474976,4.133726596832275,1.5386961698532104,4.133726596832275,1.251771092414856
0,0.9101260304450989,34.38255310058594,61.91615295410156,4.018146991729736,61.91615295410156,0.5208034515380859,0.9092317819595337,0.7127091884613037,1.8156827688217163,0.6717070937156677,1.8156827688217163,0.7780751585960388
1,0.9325240850448608,6.1736369132995605,18.330190658569336,0.31347474455833435,18.330190658569336,0.4796352684497833,0.9152740240097046,5.540480136871338,18.671052932739258,10.352788925170898,18.671052932739258,5.674596309661865
2,0.9262844920158386,6.940402507781982,24.858224868774414,0.3074677884578705,24.858224868774414,0.6152523756027222,0.9280548095703125,0.0012878074776381254,0.004066695924848318,0.0018072443781420588,0.004066695924848318,0.5005164742469788
0,0.7886739373207092,1283.22314453125,1060.3990478515625,197.25848388671875,1060.3990478515625,5.797004222869873,0.8530198931694031,1978.823486328125,1720.6572265625,1881.404541015625,1720.6572265625,639.1754150390625
1,0.7504836916923523,1665.5672607421875,1193.88232421875,284.9655456542969,1193.88232421875,6.052767276763916,0.8581379652023315,2388.408203125,1904.2117919921875,2104.55517578125,1904.2117919921875,576.68505859375
2,0.7381364703178406,2114.404296875,1420.45751953125,381.6207275390625,1420.45751953125,5.898904323577881,0.8574159145355225,3516.55810546875,3227.81884765625,3181.321044921875,3227.81884765625,945.7619018554688
0,0.7212093472480774,30.86847686767578,48.77570343017578,2.384139060974121,48.77570343017578,0.07600166648626328,0.8272110819816589,9.504295349121094,8.674933433532715,6.394580841064453,8.674933433532715,1.3838937282562256
1,0.6655690670013428,18.86859130859375,35.03282928466797,4.168845176696777,35.03282928466797,0.017498329281806946,0.780087947845459,5.209794521331787,2.451345920562744,3.7084925174713135,2.451345920562744,0.6377586126327515
2,0.6429674029350281,17.361793518066406,32.7775764465332,3.074977397918701,32.7775764465332,0.008935067802667618,0.7710238695144653,8.28896713256836,4.104341983795166,5.639591693878174,4.104341983795166,0.9006378650665283
0,0.9148017764091492,16.55914306640625,45.14040756225586,0.3134123980998993,45.14040756225586,0.33299437165260315,0.9132160544395447,406.3994445800781,1006.3131713867188,278.0914611816406,1006.3131713867188,136.44271850585938
1,0.7835413217544556,17.155488967895508,44.30784606933594,0.8634757399559021,44.30784606933594,0.14713093638420105,0.8232851624488831,10.267595291137695,7.287935733795166,5.243322372436523,7.287935733795166,0.7360320091247559
2,0.6974499225616455,6.8794026374816895,4.568099498748779,1.3112142086029053,4.568099498748779,0.022753562778234482,0.783536434173584,10.163100242614746,6.081270217895508,4.9152021408081055,6.081270217895508,0.5298471450805664
0,0.9268957376480103,59.14236068725586,203.36248779296875,0.3206029236316681,203.36248779296875,0.5279449224472046,0.9287688732147217,20.5688419342041,64.28065490722656,28.78833770751953,64.28065490722656,14.885622024536133
1,0.9358662962913513,78.45664978027344,243.493896484375,0.8535374402999878,243.493896484375,0.5652163624763489,0.9056029915809631,1.4990397691726685,4.018332481384277,1.2882541418075562,4.018332481384277,1.045493245124817
2,0.9308784604072571,64.0965347290039,183.4754180908203,1.3453792333602905,183.4754180908203,0.5933092832565308,0.8896356821060181,14.497517585754395,29.80176544189453,12.79051399230957,29.80176544189453,6.18007230758667
0,0.9112933874130249,131.0108642578125,183.19647216796875,9.457404136657715,183.19647216796875,0.4963962733745575,0.889729917049408,12.40515422821045,30.79037094116211,13.421948432922363,30.79037094116211,6.734280109405518
1,0.9242823123931885,18.11600685119629,53.28640365600586,0.600131630897522,53.28640365600586,0.4126721918582916,0.9108919501304626,5.322617530822754,14.442612648010254,4.75127649307251,14.442612648010254,2.7506263256073
2,0.9258389472961426,31.709548950195312,84.0383529663086,0.987701416015625,84.0383529663086,0.3811689019203186,0.8955967426300049,14.053079605102539,33.29647445678711,16.300256729125977,33.29647445678711,8.302577018737793
0,0.696927011013031,10.9207763671875,14.859230041503906,0.9763258695602417,14.859230041503906,0.015216215513646603,0.7794535160064697,5.365718364715576,2.6098856925964355,3.509422779083252,2.6098856925964355,0.5942939519882202
1,0.7024491429328918,7.7495269775390625,6.7322916984558105,1.3171579837799072,6.7322916984558105,0.033318981528282166,0.8386809229850769,8.085729598999023,6.253922462463379,5.662337779998779,6.253922462463379,1.273161768913269
2,0.6776595711708069,7.427896499633789,5.161566257476807,1.5046628713607788,5.161566257476807,0.020126841962337494,0.7831093072891235,6.710395812988281,3.195995330810547,4.2718963623046875,3.195995330810547,0.5486472845077515
0,0.6576535701751709,4807070.5,2592804.5,693380.25,2592804.5,1869.4815673828125,0.8163971304893494,19745052.0,10910484.0,14802517.0,10910484.0,2605227.0
1,0.6193705797195435,22702852.0,10553653.0,4036165.75,10553653.0,8425.6494140625,0.8008310794830322,23893838.0,11359462.0,18192342.0,11359462.0,2667091.0
2,0.5891304016113281,26349040.0,10941146.0,5042315.5,10941146.0,3481.910400390625,0.800000011920929,27127860.0,12770782.0,20396208.0,12770782.0,2830256.25
0,0.9003391861915588,199.71051025390625,167.46755981445312,29.57335662841797,167.46755981445312,0.9527130126953125,0.915498673915863,0.281088650226593,0.7303075194358826,0.20847956836223602,0.7303075194358826,0.5562449097633362
1,0.92542964220047,2.628324270248413,9.000322341918945,0.1930813193321228,9.000322341918945,0.5741133689880371,0.9287511110305786,0.12405621260404587,0.40166568756103516,0.08484167605638504,0.40166568756103516,0.5190631747245789
2,0.8829012513160706,23.74211883544922,61.713111877441406,1.6700403690338135,61.713111877441406,0.30793190002441406,0.8627358675003052,6.21357536315918,10.23864459991455,7.260913372039795,10.23864459991455,3.2132201194763184
0,0.679045557975769,12940190.0,7452895.0,1718353.125,7452895.0,6807.10400390625,0.8326370120048523,22104500.0,14960659.0,14656118.0,14960659.0,2513945.75
1,0.6354231834411621,22863330.0,11451598.0,3613358.75,11451598.0,8414.6943359375,0.8024708032608032,27969398.0,15202485.0,19131284.0,15202485.0,2518209.75
2,0.6126210689544678,28386732.0,12783548.0,5264060.5,12783548.0,5819.41552734375,0.8046271204948425,29787556.0,15402974.0,21246694.0,15402974.0,2562876.0
0,0.7839977145195007,18387.501953125,15641.4052734375,2563.745849609375,15641.4052734375,51.8779296875,0.8479110598564148,16279.4814453125,13591.021484375,17753.1171875,13591.021484375,6372.65185546875
1,0.7898662686347961,20136.9765625,17253.501953125,3106.88232421875,17253.501953125,53.5601806640625,0.8397125005722046,25878.45703125,18859.556640625,26372.169921875,18859.556640625,8182.05419921875
2,0.7766407132148743,32370.67578125,26029.833984375,4802.31103515625,26029.833984375,60.639892578125,0.8395777344703674,44802.01953125,33681.74609375,42426.02734375,33681.74609375,11721.9521484375
0,0.9982311129570007,4.96664239954276e-14,1.4067792883289826e-13,1.0942023112234245e-13,1.4067792883289826e-13,0.5,0.9931192398071289,4.6024647535259385e-30,0.0,9.204928002419108e-30,0.0,0.5
1,0.9982311129570007,6.273036645389413e-15,1.740778914516728e-14,1.267143501400541e-14,1.740778914516728e-14,0.5,0.9931192398071289,1.9455388828708168e-30,0.0,3.8910777657416336e-30,0.0,0.5
2,0.9982729554176331,3.766223579748998e-15,1.0472191046457819e-14,7.535976745789204e-15,1.0472191046457819e-14,0.5,0.9931192398071289,1.1311859250392287e-30,0.0,2.2623710977620728e-30,0.0,0.5
0,0.7813161015510559,48.52819061279297,70.52017211914062,5.289242744445801,70.52017211914062,0.24758897721767426,0.7755715847015381,9.314212799072266,4.722375392913818,5.853394031524658,4.722375392913818,0.8428331017494202
1,0.64450603723526,8.218466758728027,4.538768768310547,1.3984227180480957,4.538768768310547,0.008662929758429527,0.7532663345336914,10.276926040649414,5.167140960693359,5.807559013366699,5.167140960693359,0.6523023843765259
2,0.6318542957305908,9.735381126403809,4.801025390625,1.9415380954742432,4.801025390625,0.005382015369832516,0.7443341612815857,10.396496772766113,4.906893730163574,6.161339282989502,4.906893730163574,0.6801701188087463
0,0.9101996421813965,150.64976501464844,187.60186767578125,19.327863693237305,187.60186767578125,0.7342296838760376,0.8897550106048584,19.278284072875977,64.51830291748047,12.868383407592773,64.51830291748047,6.823416233062744
1,0.924733579158783,21.944570541381836,74.04094696044922,0.3382672369480133,74.04094696044922,0.4866306185722351,0.9166708588600159,9.272514343261719,28.209856033325195,8.440546035766602,28.209856033325195,4.655826568603516
2,0.930234432220459,32.45118713378906,118.70574188232422,0.2988053560256958,118.70574188232422,0.5538771152496338,0.9146042466163635,5.83782434463501,18.004087448120117,10.95584774017334,18.004087448120117,5.912959575653076
0,0.6900312900543213,16769673.0,9903904.0,2055888.125,9903904.0,2756.090087890625,0.8171356916427612,26358570.0,15848256.0,16611614.0,15848256.0,2097781.5
1,0.6599366664886475,31512150.0,16970556.0,4828356.5,16970556.0,3979.401123046875,0.8005213737487793,34621592.0,18717648.0,22249076.0,18717648.0,2446008.5
2,0.6318186521530151,39561912.0,19054208.0,7087995.5,19054208.0,2405.994384765625,0.7992587685585022,41022208.0,21082404.0,27613476.0,21082404.0,2909385.25
0,0.7422434091567993,8.186173439025879,10.101009368896484,0.7997868061065674,10.101009368896484,0.08884770423173904,0.7929459810256958,17.35138511657715,10.242891311645508,9.77405071258545,10.242891311645508,1.189680576324463
1,0.6949558258056641,8.825037956237793,9.664828300476074,1.2610766887664795,9.664828300476074,0.03806104511022568,0.7956532835960388,35.39356994628906,21.65880584716797,20.15726089477539,21.65880584716797,2.266968011856079
2,0.6956914663314819,10.546147346496582,11.76541805267334,1.7058138847351074,11.76541805267334,0.03823317959904671,0.7709673643112183,11.962625503540039,5.808302879333496,7.365486145019531,5.808302879333496,0.8714065551757812
0,0.9230972528457642,20.1168155670166,60.33887481689453,0.3095633089542389,60.33887481689453,0.41206878423690796,0.911432147026062,99.53219604492188,343.5135803222656,63.59809494018555,343.5135803222656,32.17290115356445
1,0.9323267340660095,153.40118408203125,370.5422058105469,24.349323272705078,370.5422058105469,6.428067207336426,0.9189635515213013,1.1727617979049683,3.4816837310791016,0.9862455725669861,3.4816837310791016,0.9550684094429016
2,0.9381148219108582,141.29452514648438,465.932373046875,8.023588180541992,465.932373046875,3.5948681831359863,0.9299936890602112,6.316657066345215,21.704057693481445,4.820031642913818,21.704057693481445,3.136979341506958
0,0.6918148398399353,13384415.0,8007625.0,1878488.5,8007625.0,7074.12744140625,0.8351302742958069,16536108.0,10059215.0,12833139.0,10059215.0,2245698.75
1,0.6522316932678223,25480212.0,13449630.0,4126423.75,13449630.0,7339.73828125,0.8067610263824463,23133320.0,11525463.0,18005688.0,11525463.0,2560857.5
2,0.6190448999404907,31492394.0,14650335.0,5693043.0,14650335.0,3985.3251953125,0.8046271204948425,29591746.0,14560553.0,22793764.0,14560553.0,3050275.75
0,0.69722980260849,14034146.0,8765650.0,1886555.25,8765650.0,7429.62109375,0.8520889282226562,22165788.0,16186081.0,14301319.0,16186081.0,2241952.75
1,0.6452045440673828,25121176.0,13179322.0,4037526.25,13179322.0,7751.12548828125,0.8187331557273865,27604724.0,15789096.0,18991696.0,15789096.0,2509333.5
2,0.625192403793335,30645122.0,14919045.0,5426534.0,14919045.0,3447.3486328125,0.8182839155197144,33729880.0,18945888.0,23358260.0,18945888.0,2999524.5
0,0.6876106262207031,12713977.0,7537352.5,1683314.25,7537352.5,5890.28125,0.8224169015884399,20761638.0,13794144.0,14632560.0,13794144.0,2469751.0
1,0.6431017518043518,24727798.0,12643293.0,4115698.25,12643293.0,7564.20947265625,0.8046720623970032,28845710.0,17085506.0,20321188.0,17085506.0,2805997.5
2,0.5957795977592468,28939948.0,12373330.0,5372865.5,12373330.0,3374.246337890625,0.8068283796310425,31401628.0,17400254.0,23526690.0,17400254.0,3370802.0
0,0.690274178981781,12776495.0,7652294.5,1777475.625,7652294.5,6140.88037109375,0.8249326348304749,18769662.0,10817374.0,14982025.0,10817374.0,2840508.0
1,0.641778290271759,23787466.0,12165565.0,3938575.75,12165565.0,6169.22900390625,0.8148697018623352,25090104.0,13062891.0,19738020.0,13062891.0,3175195.0
0,0.6899281740188599,13783873.0,8187344.5,1865324.875,8187344.5,7033.9794921875,0.8463302850723267,20111508.0,14337862.0,13577667.0,14337862.0,2261044.0
1,0.6490197777748108,25594472.0,13427106.0,4081009.75,13427106.0,6869.90576171875,0.8282577395439148,26217024.0,16000669.0,19135644.0,16000669.0,2985791.25
0,0.6962367296218872,41429948.0,25068200.0,4937972.0,25068200.0,6594.701171875,0.8118090629577637,68179304.0,42008148.0,40278336.0,42008148.0,4467080.0
1,0.6553058624267578,77178032.0,40664488.0,11945531.0,40664488.0,9392.888671875,0.7890012860298157,89956296.0,46908060.0,53567268.0,46908060.0,4495507.0
0,0.7081747651100159,28295830.0,17737528.0,3155296.25,17737528.0,5642.423828125,0.782562792301178,47270068.0,28990916.0,22700226.0,28990916.0,2324558.75
1,0.6629152894020081,53602236.0,29405570.0,7581586.5,29405570.0,6973.984375,0.7444598078727722,64847772.0,35422492.0,27783108.0,35422492.0,1727581.5
0,0.6915554404258728,42651228.0,25366764.0,5034810.0,25366764.0,7255.8740234375,0.8224057555198669,64145840.0,38352512.0,41599284.0,38352512.0,5457187.0
1,0.6557798981666565,83018576.0,43984240.0,12592108.0,43984240.0,10161.791015625,0.8057977557182312,93772496.0,51537312.0,60415756.0,51537312.0,6882343.5
0,0.6884922385215759,40346704.0,23919906.0,4728208.0,23919906.0,6151.28857421875,0.8005338907241821,64859656.0,36820012.0,39866436.0,36820012.0,4861057.5
1,0.6510646343231201,77010312.0,40421984.0,11699773.0,40421984.0,9433.037109375,0.7909799218177795,82331280.0,42998372.0,50724380.0,42998372.0,5073468.0
0,0.6850433945655823,40839304.0,23674324.0,4927124.0,23674324.0,6030.6884765625,0.8050753474235535,62635780.0,37243764.0,37497948.0,37243764.0,4338421.5
0,0.6960355043411255,20838962.0,12748698.0,2779364.5,12748698.0,11274.6953125,0.8091644048690796,27629668.0,14919367.0,20560510.0,14919367.0,3431337.0
1,0.6477663516998291,38373188.0,20042760.0,6185814.5,20042760.0,10733.7578125,0.7978436946868896,36987120.0,18735130.0,27836774.0,18735130.0,4148102.25
0,0.6956836581230164,21525694.0,13054301.0,2884681.5,13054301.0,11653.677734375,0.8329290151596069,30295920.0,17867002.0,21333930.0,17867002.0,3137180.25
1,0.6449406743049622,39448872.0,20643416.0,6406533.0,20643416.0,13580.1044921875,0.8217206001281738,41971528.0,23382906.0,29974504.0,23382906.0,4097482.0
0,0.69507896900177,19946852.0,12153416.0,2710802.5,12153416.0,9316.3564453125,0.8169811367988586,33185418.0,21149602.0,23283504.0,21149602.0,3880532.25
1,0.6364800930023193,35929008.0,17998188.0,5859961.0,17998188.0,8674.2001953125,0.817497730255127,42533272.0,26152372.0,30558316.0,26152372.0,4739573.0
0,0.6952149868011475,20998546.0,12845573.0,2869883.0,12845573.0,11456.7158203125,0.82398921251297,34485012.0,20609636.0,26670210.0,20609636.0,4983624.0
1,0.6334482431411743,40665252.0,20171972.0,6702076.5,20171972.0,11328.9306640625,0.8047394156455994,42820816.0,22832088.0,32663834.0,22832088.0,5506175.5
0,0.6952347755432129,22218442.0,13403261.0,3018894.25,13403261.0,11308.033203125,0.8440791964530945,32701078.0,23563852.0,22924870.0,23563852.0,4108470.75
1,0.6457678079605103,37630792.0,19458782.0,6079058.0,19458782.0,10667.5185546875,0.8314644694328308,38893532.0,22889444.0,28306846.0,22889444.0,4205156.5
0,0.6946002840995789,63960576.0,38799096.0,7518212.0,38799096.0,10089.9951171875,0.8025376796722412,103934336.0,61959560.0,59701888.0,61959560.0,6863823.0
1,0.6560043692588806,121866040.0,64644768.0,18862546.0,64644768.0,15407.1162109375,0.7872048020362854,141263024.0,74998064.0,81775416.0,74998064.0,7054593.0
0,0.7082464098930359,43195716.0,26852544.0,5099306.0,26852544.0,9072.8408203125,0.7917085289955139,69113408.0,43509484.0,32636138.0,43509484.0,3005138.0
1,0.6718572378158569,81955424.0,46318608.0,11514691.0,46318608.0,10313.1767578125,0.756344199180603,96088256.0,55301140.0,39570800.0,55301140.0,2170619.25
0,0.695864737033844,65504436.0,39896040.0,7772400.5,39896040.0,12263.046875,0.8172110319137573,105757712.0,63408668.0,64723408.0,63408668.0,7623562.5
0,0.7066353559494019,43127832.0,26947586.0,4930981.0,26947586.0,9458.525390625,0.7842651009559631,69632840.0,42810936.0,33751240.0,42810936.0,3286075.25
1,0.6688286066055298,81797184.0,45954732.0,11624093.0,45954732.0,13176.861328125,0.7592650651931763,100640872.0,57412480.0,43901536.0,57412480.0,2754922.5
0,0.6924812197685242,63834860.0,37592888.0,7989970.5,37592888.0,11238.7705078125,0.8124434947967529,93721440.0,52585096.0,60931256.0,52585096.0,7313062.5
1,0.652974009513855,127012512.0,67027072.0,19472150.0,67027072.0,15845.2978515625,0.8046545386314392,134628576.0,71823264.0,90710344.0,71823264.0,10704635.0
0,0.6910196542739868,66015772.0,39148208.0,8031355.0,39148208.0,10687.1376953125,0.8017148375511169,98369352.0,57624744.0,57960676.0,57624744.0,7113788.5
1,0.6606695652008057,127862304.0,69560088.0,19020094.0,69560088.0,15650.8388671875,0.7908668518066406,131891784.0,68895648.0,83670328.0,68895648.0,9240555.0
0,0.6831879615783691,60994668.0,35042552.0,7576650.5,35042552.0,9835.546875,0.8218593001365662,103970696.0,68494544.0,62261072.0,68494544.0,8270103.0
1,0.6541997790336609,126385112.0,66729152.0,19723990.0,66729152.0,13577.61328125,0.8225690722465515,151201488.0,96804624.0,93667888.0,96804624.0,11604471.0
0,0.9961723685264587,13112682.0,33038194.0,6692396.5,33038194.0,3958031.5,1.0,0.0,0.0,0.0,0.0,0.5
1,1.0,0.0,0.0,0.0,0.0,0.5,1.0,0.0,0.0,0.0,0.0,0.5
0,0.8517786860466003,675.4420776367188,783.8884887695312,106.74895477294922,783.8884887695312,17.75188636779785,1.0,0.0,0.0,0.0,0.0,0.5
1,0.9982614517211914,3.7110016448682615e-11,1.0412990608665851e-10,8.917844240841077e-11,1.0412990608665851e-10,0.5,1.0,0.0,0.0,0.0,0.0,0.5
0,0.9024804830551147,14.532975196838379,26.073877334594727,2.586768865585327,26.073877334594727,1.5855644941329956,0.927650511264801,301.5666809082031,983.6991577148438,554.8832397460938,983.6991577148438,291.63665771484375
1,0.8992369771003723,26064.998046875,99299.5703125,3.593217372894287,99299.5703125,2.5453641414642334,0.9098382592201233,33.12576675415039,114.91951751708984,22.40584945678711,114.91951751708984,11.695465087890625
0,0.9712228178977966,109.04120635986328,406.4347229003906,28.313339233398438,406.4347229003906,8.386764526367188,1.0,0.0,0.0,0.0,0.0,0.5
0,0.9965817928314209,38246668.0,147817120.0,0.0016631318721920252,147817120.0,0.4997200667858124,1.0,0.0,0.0,0.0,0.0,0.5
0,0.9890742301940918,405156.90625,471295.5,33705.87109375,471295.5,6095.1962890625,1.0,0.0,0.0,0.0,0.0,0.5
0,0.9331696033477783,1335.912841796875,1703.654541015625,408.7799987792969,1703.654541015625,123.7998275756836,1.0,0.0,0.0,0.0,0.0,0.5
0,0.9784218668937683,1342.7437744140625,4863.298828125,1.9534337520599365,4863.298828125,0.9807984828948975,1.0,0.0,0.0,0.0,0.0,0.5
0,1.0,0.0,0.0,0.0,0.0,0.5,1.0,0.0,0.0,0.0,0.0,0.5
0,0.9946606159210205,1883.8597412109375,1965.7454833984375,384.7569580078125,1965.7454833984375,68.44837188720703,1.0,0.0,0.0,0.0,0.0,0.5
0,0.9980099201202393,11852.349609375,18718.82421875,461.44427490234375,18718.82421875,52.91128921508789,1.0,0.0,0.0,0.0,0.0,0.5
0,0.9472252726554871,27314.591796875,34992.5546875,19657.939453125,34992.5546875,10498.1640625,1.0,0.0,0.0,0.0,0.0,0.5
0,0.992794930934906,2357.3037109375,2817.722900390625,1011.3997192382812,2817.722900390625,441.9190979003906,1.0,0.0,0.0,0.0,0.0,0.5
0,0.9955589175224304,42.561893463134766,135.86453247070312,0.9814685583114624,135.86453247070312,0.5712713003158569,1.0,0.0,0.0,0.0,0.0,0.5
0,0.9859859943389893,467.3251953125,1533.595458984375,3.428586483001709,1533.595458984375,1.2050563097000122,1.0,0.0,0.0,0.0,0.0,0.5
0,0.9974006414413452,4369.12353515625,4622.8935546875,235.967529296875,4622.8935546875,29.177080154418945,1.0,0.0,0.0,0.0,0.0,0.5
0,0.923464298248291,10046846.0,18496982.0,2200405.5,18496982.0,458328.625,1.0,0.0,0.0,0.0,0.0,0.5
0,0.9943884611129761,2567.677978515625,2899.28173828125,159.70999145507812,2899.28173828125,22.949254989624023,1.0,0.0,0.0,0.0,0.0,0.5
0,0.9985995292663574,3033.81396484375,3407.984130859375,200.273681640625,3407.984130859375,20.724515914916992,1.0,0.0,0.0,0.0,0.0,0.5
